[
{
  "model": "core.mainslideritem",
  "pk": 20,
  "fields": {
    "image": "banners/nuwm_1920x900.jpg"
  }
},
{
  "model": "core.mainslideritem",
  "pk": 21,
  "fields": {
    "image": "banners/FB_IMG_1664796610950.jpg"
  }
},
{
  "model": "core.mainslideritem",
  "pk": 22,
  "fields": {
    "image": "banners/FB_IMG_1666895497071.jpg"
  }
},
{
  "model": "core.mainslideritem",
  "pk": 23,
  "fields": {
    "image": "banners/FB_IMG_1666895532139.jpg"
  }
},
{
  "model": "core.mainslideritem",
  "pk": 24,
  "fields": {
    "image": "banners/IMG_20221008_103459_0127.jpg"
  }
},
{
  "model": "core.statisticblocktranslation",
  "pk": 1,
  "fields": {
    "language_code": "en",
    "title": "3400+",
    "description": "Stydying now",
    "master": 1
  }
},
{
  "model": "core.statisticblocktranslation",
  "pk": 2,
  "fields": {
    "language_code": "uk",
    "title": "3400+",
    "description": "Зараз навчається",
    "master": 1
  }
},
{
  "model": "core.statisticblocktranslation",
  "pk": 3,
  "fields": {
    "language_code": "en",
    "title": "Top 1 in Rivne",
    "description": "",
    "master": 2
  }
},
{
  "model": "core.statisticblocktranslation",
  "pk": 4,
  "fields": {
    "language_code": "uk",
    "title": "Топ 1 в Рівному",
    "description": "",
    "master": 2
  }
},
{
  "model": "core.statisticblocktranslation",
  "pk": 5,
  "fields": {
    "language_code": "en",
    "title": "81",
    "description": "Teaching staff",
    "master": 3
  }
},
{
  "model": "core.statisticblocktranslation",
  "pk": 6,
  "fields": {
    "language_code": "uk",
    "title": "81",
    "description": "Викладач",
    "master": 3
  }
},
{
  "model": "core.statisticblocktranslation",
  "pk": 7,
  "fields": {
    "language_code": "en",
    "title": "40+",
    "description": "Partners around the world",
    "master": 4
  }
},
{
  "model": "core.statisticblocktranslation",
  "pk": 8,
  "fields": {
    "language_code": "uk",
    "title": "40+",
    "description": "Партнерів по всьому світу",
    "master": 4
  }
},
{
  "model": "core.statisticblocktranslation",
  "pk": 9,
  "fields": {
    "language_code": "uk",
    "title": "29000+",
    "description": "Випускників",
    "master": 5
  }
},
{
  "model": "core.statisticblocktranslation",
  "pk": 10,
  "fields": {
    "language_code": "en",
    "title": "29000+",
    "description": "Graduated",
    "master": 5
  }
},
{
  "model": "core.statisticblocktranslation",
  "pk": 11,
  "fields": {
    "language_code": "en",
    "title": "12",
    "description": "Education programs",
    "master": 6
  }
},
{
  "model": "core.statisticblocktranslation",
  "pk": 12,
  "fields": {
    "language_code": "uk",
    "title": "12",
    "description": "Освітніх програм",
    "master": 6
  }
},
{
  "model": "core.statisticblocktranslation",
  "pk": 13,
  "fields": {
    "language_code": "en",
    "title": "Top 44 in Ukraine",
    "description": "",
    "master": 7
  }
},
{
  "model": "core.statisticblocktranslation",
  "pk": 14,
  "fields": {
    "language_code": "uk",
    "title": "44-ті в рейтингу України",
    "description": "",
    "master": 7
  }
},
{
  "model": "core.statisticblock",
  "pk": 1,
  "fields": {
    "start_value": 0,
    "order": 1
  }
},
{
  "model": "core.statisticblock",
  "pk": 2,
  "fields": {
    "start_value": null,
    "order": 2
  }
},
{
  "model": "core.statisticblock",
  "pk": 3,
  "fields": {
    "start_value": 0,
    "order": 3
  }
},
{
  "model": "core.statisticblock",
  "pk": 4,
  "fields": {
    "start_value": 0,
    "order": 4
  }
},
{
  "model": "core.statisticblock",
  "pk": 5,
  "fields": {
    "start_value": 0,
    "order": 5
  }
},
{
  "model": "core.statisticblock",
  "pk": 6,
  "fields": {
    "start_value": 0,
    "order": 6
  }
},
{
  "model": "core.statisticblock",
  "pk": 7,
  "fields": {
    "start_value": 200,
    "order": 7
  }
},
{
  "model": "core.faqtranslation",
  "pk": 1,
  "fields": {
    "language_code": "uk",
    "question": "Які документи потрібні для вступу до інституту?",
    "answer": "Потрібен атестат про повну загальну середню освіту, паспорт та сертифікати ЗНО або НМТ.",
    "master": 1
  }
},
{
  "model": "core.faqtranslation",
  "pk": 2,
  "fields": {
    "language_code": "en",
    "question": "What documents are required for admission to the institute?",
    "answer": "You need a high school diploma, a passport, and standardized test certificates (ZNO or NMT).",
    "master": 1
  }
},
{
  "model": "core.faqtranslation",
  "pk": 3,
  "fields": {
    "language_code": "uk",
    "question": "Чи є в інституті гуртожиток?",
    "answer": "Так, інститут надає місця у гуртожитку для іногородніх студентів.",
    "master": 2
  }
},
{
  "model": "core.faqtranslation",
  "pk": 4,
  "fields": {
    "language_code": "en",
    "question": "Does the institute provide dormitory accommodation?",
    "answer": "Yes, the institute offers dormitory places for non-local students.",
    "master": 2
  }
},
{
  "model": "core.faqtranslation",
  "pk": 5,
  "fields": {
    "language_code": "uk",
    "question": "Які спеціальності доступні для навчання?",
    "answer": "Інститут пропонує спеціальності у сфері ІТ, економіки, права, інженерії та гуманітарних наук.",
    "master": 3
  }
},
{
  "model": "core.faqtranslation",
  "pk": 6,
  "fields": {
    "language_code": "en",
    "question": "What majors are available at the institute?",
    "answer": "The institute offers programs in IT, economics, law, engineering, and humanities.",
    "master": 3
  }
},
{
  "model": "core.faqtranslation",
  "pk": 7,
  "fields": {
    "language_code": "uk",
    "question": "Чи можна навчатися заочно?",
    "answer": "Так, є як денна, так і заочна форма навчання.",
    "master": 4
  }
},
{
  "model": "core.faqtranslation",
  "pk": 8,
  "fields": {
    "language_code": "en",
    "question": "Is part-time study available?",
    "answer": "Yes, both full-time and part-time study options are available.",
    "master": 4
  }
},
{
  "model": "core.faqtranslation",
  "pk": 9,
  "fields": {
    "language_code": "uk",
    "question": "Якою мовою ведеться навчання?",
    "answer": "Навчання ведеться українською мовою, але деякі програми доступні англійською.",
    "master": 5
  }
},
{
  "model": "core.faqtranslation",
  "pk": 10,
  "fields": {
    "language_code": "en",
    "question": "What is the language of instruction?",
    "answer": "The primary language is Ukrainian, but some programs are available in English.",
    "master": 5
  }
},
{
  "model": "core.faqtranslation",
  "pk": 11,
  "fields": {
    "language_code": "uk",
    "question": "Чи є можливість отримати стипендію?",
    "answer": "Так, академічна стипендія надається за високі результати в навчанні.",
    "master": 6
  }
},
{
  "model": "core.faqtranslation",
  "pk": 12,
  "fields": {
    "language_code": "en",
    "question": "Can I get a scholarship?",
    "answer": "Yes, academic scholarships are available for high-performing students.",
    "master": 6
  }
},
{
  "model": "core.faqtranslation",
  "pk": 13,
  "fields": {
    "language_code": "uk",
    "question": "Як подати документи онлайн?",
    "answer": "Ви можете подати документи через електронний кабінет вступника на офіційному сайті.",
    "master": 7
  }
},
{
  "model": "core.faqtranslation",
  "pk": 14,
  "fields": {
    "language_code": "en",
    "question": "How can I apply online?",
    "answer": "You can apply through the applicant's electronic portal on the official website.",
    "master": 7
  }
},
{
  "model": "core.faq",
  "pk": 1,
  "fields": {}
},
{
  "model": "core.faq",
  "pk": 2,
  "fields": {}
},
{
  "model": "core.faq",
  "pk": 3,
  "fields": {}
},
{
  "model": "core.faq",
  "pk": 4,
  "fields": {}
},
{
  "model": "core.faq",
  "pk": 5,
  "fields": {}
},
{
  "model": "core.faq",
  "pk": 6,
  "fields": {}
},
{
  "model": "core.faq",
  "pk": 7,
  "fields": {}
},
{
  "model": "users.user",
  "pk": 1,
  "fields": {
    "password": "pbkdf2_sha256$1000000$vcm3KjLvwvx3NiEXKRPNMh$r5ZB8H+jEJ8doGfvuxLfXINJVCBbLOQQLTEpOv9lskY=",
    "last_login": "2025-07-16T08:38:04.621Z",
    "is_superuser": true,
    "username": "admin",
    "first_name": "",
    "last_name": "",
    "email": "admin@admin.com",
    "is_staff": true,
    "is_active": true,
    "date_joined": "2025-06-23T15:15:14Z",
    "avatar": null,
    "role": "OP",
    "groups": [],
    "user_permissions": []
  }
},
{
  "model": "users.user",
  "pk": 5,
  "fields": {
    "password": "",
    "last_login": null,
    "is_superuser": false,
    "username": "yakymchuk.oleksandr.dev@gmail.com",
    "first_name": "Oleksandr",
    "last_name": "",
    "email": "yakymchuk.oleksandr.dev@gmail.com",
    "is_staff": false,
    "is_active": true,
    "date_joined": "2025-07-13T15:46:23.228Z",
    "avatar": "https://lh3.googleusercontent.com/a/ACg8ocLI4p9i57VIJWo9oDGxL4bKtX5yM0-28V8xv_7rXrGmaidOzOs=s96-c",
    "role": "GU",
    "groups": [],
    "user_permissions": []
  }
},
{
  "model": "users.user",
  "pk": 6,
  "fields": {
    "password": "",
    "last_login": null,
    "is_superuser": false,
    "username": "yakymchuk_ak22@nuwm.edu.ua",
    "first_name": "Олександр Сергійович",
    "last_name": "Якимчук",
    "email": "yakymchuk_ak22@nuwm.edu.ua",
    "is_staff": false,
    "is_active": true,
    "date_joined": "2025-07-13T16:17:32.693Z",
    "avatar": "https://lh3.googleusercontent.com/a/ACg8ocK2zQ2thuLlnKz6hCMijIon0lcPZlDDESchRsdcZoQsXlZ9cy7B=s96-c",
    "role": "ST",
    "groups": [],
    "user_permissions": []
  }
},
{
  "model": "oauth2_provider.application",
  "pk": 1,
  "fields": {
    "client_id": "r8pY1u08ouPEzYoSNrsSUoG9mDpsGil63WL1t7bZ",
    "user": null,
    "redirect_uris": "http://127.0.0.1:5173/",
    "post_logout_redirect_uris": "",
    "client_type": "public",
    "authorization_grant_type": "authorization-code",
    "client_secret": "pbkdf2_sha256$1000000$F93IBuP9JvidXVRnj4uDwi$LF0Q9Gl5Ohf3lnoo2MtsHH0d6eGOqu+ksp1un82hZIc=",
    "hash_client_secret": true,
    "name": "React SPA",
    "skip_authorization": true,
    "created": "2025-07-12T11:03:19.475Z",
    "updated": "2025-07-12T12:51:33.926Z",
    "algorithm": "",
    "allowed_origins": ""
  }
},
{
  "model": "oauth2_provider.accesstoken",
  "pk": 20,
  "fields": {
    "user": 5,
    "source_refresh_token": null,
    "token": "rydp4xcVvgFc55V32bFUKHH34AqLTm",
    "token_checksum": "ae6cd446397c85070895d898bf8d7e809104df07241ed38b51ec24a30fa5da19",
    "id_token": null,
    "application": 1,
    "expires": "2025-07-13T16:46:23.248Z",
    "scope": "read write",
    "created": "2025-07-13T15:46:23.248Z",
    "updated": "2025-07-13T15:46:23.248Z"
  }
},
{
  "model": "oauth2_provider.accesstoken",
  "pk": 22,
  "fields": {
    "user": 5,
    "source_refresh_token": 21,
    "token": "5czqiwekOz5pRCqQtNiBqnnqxwDCId",
    "token_checksum": "14517c4a0f6152a4027fc693f05dcb3163616ea729fbe8b746fb6ae81c2373a5",
    "id_token": null,
    "application": 1,
    "expires": "2025-07-13T16:47:31.045Z",
    "scope": "read write",
    "created": "2025-07-13T15:47:31.058Z",
    "updated": "2025-07-13T15:47:31.058Z"
  }
},
{
  "model": "oauth2_provider.accesstoken",
  "pk": 24,
  "fields": {
    "user": 5,
    "source_refresh_token": 23,
    "token": "kyg9YF2qrsejAqGZ8UDViuExpzM0RB",
    "token_checksum": "1299e08a614b1ce258d7750df054a5265fc33146d2703bfb7515fb81f8c13a8d",
    "id_token": null,
    "application": 1,
    "expires": "2025-07-13T16:49:24.190Z",
    "scope": "read write",
    "created": "2025-07-13T15:49:24.202Z",
    "updated": "2025-07-13T15:49:24.202Z"
  }
},
{
  "model": "oauth2_provider.accesstoken",
  "pk": 25,
  "fields": {
    "user": 5,
    "source_refresh_token": null,
    "token": "ZT942OTobSAyh4ZshPKr6ar5FRrzF9",
    "token_checksum": "8dcac2b4dfa5a89faba48120b53b5a7fb9cabace3828fe523ac135ca06188d5c",
    "id_token": null,
    "application": 1,
    "expires": "2025-07-13T16:50:42.315Z",
    "scope": "read write",
    "created": "2025-07-13T15:50:42.316Z",
    "updated": "2025-07-13T15:50:42.316Z"
  }
},
{
  "model": "oauth2_provider.accesstoken",
  "pk": 26,
  "fields": {
    "user": 6,
    "source_refresh_token": null,
    "token": "sawoqUs0cnij7e9pmEerBWtIrm60cD",
    "token_checksum": "1c9d79bc426b174c2dab92080bb5dba79bfef3654f6feb50b069c2eac434b18c",
    "id_token": null,
    "application": 1,
    "expires": "2025-07-13T17:17:32.715Z",
    "scope": "read write",
    "created": "2025-07-13T16:17:32.716Z",
    "updated": "2025-07-13T16:17:32.716Z"
  }
},
{
  "model": "oauth2_provider.accesstoken",
  "pk": 27,
  "fields": {
    "user": 6,
    "source_refresh_token": null,
    "token": "WW0W88kh2WjO9OvlLKFEhFJy9Rs3VK",
    "token_checksum": "f96fe126ad2b529a87222028d19de37b724fe88fc7ead50b2878d05b8dc6ce0e",
    "id_token": null,
    "application": 1,
    "expires": "2025-07-13T17:17:32.748Z",
    "scope": "read write",
    "created": "2025-07-13T16:17:32.749Z",
    "updated": "2025-07-13T16:17:32.749Z"
  }
},
{
  "model": "oauth2_provider.accesstoken",
  "pk": 28,
  "fields": {
    "user": 6,
    "source_refresh_token": null,
    "token": "ZYzVpk0mNbqpgvgD4RkJwJLYCIaopw",
    "token_checksum": "85cb2ab5541fa79545a280b13b21a2db876342bee579d1f11883a807825eca31",
    "id_token": null,
    "application": 1,
    "expires": "2025-07-13T17:17:51.167Z",
    "scope": "read write",
    "created": "2025-07-13T16:17:51.168Z",
    "updated": "2025-07-13T16:17:51.168Z"
  }
},
{
  "model": "oauth2_provider.accesstoken",
  "pk": 29,
  "fields": {
    "user": 6,
    "source_refresh_token": null,
    "token": "6wJ5GrfLzy76ClwNRjm4JwSe2Z8AJG",
    "token_checksum": "0b3afd140da6a71324f5d8356700eedeb0071e7bbd6d3f62b7becd519f016fbb",
    "id_token": null,
    "application": 1,
    "expires": "2025-07-13T17:17:51.215Z",
    "scope": "read write",
    "created": "2025-07-13T16:17:51.215Z",
    "updated": "2025-07-13T16:17:51.215Z"
  }
},
{
  "model": "oauth2_provider.accesstoken",
  "pk": 30,
  "fields": {
    "user": 6,
    "source_refresh_token": null,
    "token": "SMp1ajbyWCfSRUGywnElTP3bU6ZDzf",
    "token_checksum": "c239ca00d087412a3374b8e638f39c6b3cf09d8e123d3a58ff51fe937c203479",
    "id_token": null,
    "application": 1,
    "expires": "2025-07-13T17:19:10.301Z",
    "scope": "read write",
    "created": "2025-07-13T16:19:10.302Z",
    "updated": "2025-07-13T16:19:10.302Z"
  }
},
{
  "model": "oauth2_provider.accesstoken",
  "pk": 31,
  "fields": {
    "user": 6,
    "source_refresh_token": null,
    "token": "5qiSDWhP9R0vjn9s8TLEfptOuv3ky3",
    "token_checksum": "4c62701461572a9ed9dac26e82755f2f43276e9fbcbdd579c6ed7e66256549d5",
    "id_token": null,
    "application": 1,
    "expires": "2025-07-13T17:19:10.331Z",
    "scope": "read write",
    "created": "2025-07-13T16:19:10.331Z",
    "updated": "2025-07-13T16:19:10.331Z"
  }
},
{
  "model": "oauth2_provider.accesstoken",
  "pk": 32,
  "fields": {
    "user": 6,
    "source_refresh_token": null,
    "token": "i2YhztPXgQAmkOnab17R1jJVqY2Mnc",
    "token_checksum": "78da6ab38576c07f8b09d9c8b5a193ed359dd1e8e084feaff8a970bf1c886a3b",
    "id_token": null,
    "application": 1,
    "expires": "2025-07-13T16:21:58.937Z",
    "scope": "read write",
    "created": "2025-07-13T16:21:22.938Z",
    "updated": "2025-07-13T16:21:22.938Z"
  }
},
{
  "model": "oauth2_provider.accesstoken",
  "pk": 33,
  "fields": {
    "user": 6,
    "source_refresh_token": null,
    "token": "yL1PwO8ZUPsgr62r2eUYNJxQUptyXh",
    "token_checksum": "0f00759fcaad1fb827552f695bb6c2816f347752eb1d35cd703fef3e66bcf7f9",
    "id_token": null,
    "application": 1,
    "expires": "2025-07-13T16:21:58.977Z",
    "scope": "read write",
    "created": "2025-07-13T16:21:22.977Z",
    "updated": "2025-07-13T16:21:22.977Z"
  }
},
{
  "model": "oauth2_provider.accesstoken",
  "pk": 34,
  "fields": {
    "user": 6,
    "source_refresh_token": null,
    "token": "XtmSinBRjgCFESZ0STQQmfPdSySg2w",
    "token_checksum": "16a454d0b3feceda9c773227d25ea72c31c861d8fdedb50323bd1567dcff7569",
    "id_token": null,
    "application": 1,
    "expires": "2025-07-13T16:23:08.039Z",
    "scope": "read write",
    "created": "2025-07-13T16:23:02.040Z",
    "updated": "2025-07-13T16:23:02.040Z"
  }
},
{
  "model": "oauth2_provider.accesstoken",
  "pk": 35,
  "fields": {
    "user": 6,
    "source_refresh_token": null,
    "token": "PZp32xDwvBjrcgXs3G0lPWzQs3EuAT",
    "token_checksum": "3b0e36222f144eb68248485015300bfbeddd16d3b3506a396da7ada014adf829",
    "id_token": null,
    "application": 1,
    "expires": "2025-07-13T16:23:08.080Z",
    "scope": "read write",
    "created": "2025-07-13T16:23:02.080Z",
    "updated": "2025-07-13T16:23:02.080Z"
  }
},
{
  "model": "oauth2_provider.accesstoken",
  "pk": 36,
  "fields": {
    "user": 6,
    "source_refresh_token": null,
    "token": "aJDUpH1kNtZGkGIynxVatdIZlJrZeZ",
    "token_checksum": "71e033a396ae8497245d2955b11e253a616b3a9126e59b1a6366e4669e721ccd",
    "id_token": null,
    "application": 1,
    "expires": "2025-07-13T16:24:03.229Z",
    "scope": "read write",
    "created": "2025-07-13T16:23:57.230Z",
    "updated": "2025-07-13T16:23:57.230Z"
  }
},
{
  "model": "oauth2_provider.accesstoken",
  "pk": 37,
  "fields": {
    "user": 6,
    "source_refresh_token": null,
    "token": "exTtEvjp9u9sZXbtIW9mEjOXf426ra",
    "token_checksum": "03aff165e6f43aa0c254ce4a040a3343f999c73c2c6e774a76ac98d9f1056418",
    "id_token": null,
    "application": 1,
    "expires": "2025-07-13T16:24:03.284Z",
    "scope": "read write",
    "created": "2025-07-13T16:23:57.285Z",
    "updated": "2025-07-13T16:23:57.285Z"
  }
},
{
  "model": "oauth2_provider.accesstoken",
  "pk": 38,
  "fields": {
    "user": 6,
    "source_refresh_token": null,
    "token": "lXoYrFbCx5zbuQscHmWYNb9LZyYDUk",
    "token_checksum": "3053b34c301f0700c68c03aa8c28ffe8dee4e5c2908bed8fa16c2bfd1e4aed6c",
    "id_token": null,
    "application": 1,
    "expires": "2025-07-13T16:26:21.435Z",
    "scope": "read write",
    "created": "2025-07-13T16:26:15.436Z",
    "updated": "2025-07-13T16:26:15.436Z"
  }
},
{
  "model": "oauth2_provider.accesstoken",
  "pk": 39,
  "fields": {
    "user": 6,
    "source_refresh_token": null,
    "token": "VN7xFsqEVIyO2TZDvRZiSTmDD77f5t",
    "token_checksum": "09f565ee5a5fd639ee1debfa6a96b9122f04bacf245793e3383bd7c6a734d86a",
    "id_token": null,
    "application": 1,
    "expires": "2025-07-13T16:26:21.478Z",
    "scope": "read write",
    "created": "2025-07-13T16:26:15.479Z",
    "updated": "2025-07-13T16:26:15.479Z"
  }
},
{
  "model": "oauth2_provider.accesstoken",
  "pk": 40,
  "fields": {
    "user": 6,
    "source_refresh_token": null,
    "token": "wf3mlJvmwYio4w7aA2WPrZh6ClZ3Yn",
    "token_checksum": "2f5ab748b2a0e511badb65316f8871bf601e11e8286bfeb58afa929f2dcbe111",
    "id_token": null,
    "application": 1,
    "expires": "2025-07-13T16:26:33.450Z",
    "scope": "read write",
    "created": "2025-07-13T16:26:27.452Z",
    "updated": "2025-07-13T16:26:27.452Z"
  }
},
{
  "model": "oauth2_provider.accesstoken",
  "pk": 41,
  "fields": {
    "user": 6,
    "source_refresh_token": null,
    "token": "EwZej4N1G2b6C3H3WHzUKfhXNeYNDv",
    "token_checksum": "492350bd5a145e4b16897ea0fb377f137a3c51853e99742b8ae591a45b1571bd",
    "id_token": null,
    "application": 1,
    "expires": "2025-07-13T16:26:33.486Z",
    "scope": "read write",
    "created": "2025-07-13T16:26:27.487Z",
    "updated": "2025-07-13T16:26:27.487Z"
  }
},
{
  "model": "oauth2_provider.accesstoken",
  "pk": 42,
  "fields": {
    "user": 6,
    "source_refresh_token": null,
    "token": "ODAoLHeZXKVNjdU2nUIyI3QHImRnGW",
    "token_checksum": "4cb4172e389cee14112a27fdb5829d0ca1689609546ab673799373ee308f2ce1",
    "id_token": null,
    "application": 1,
    "expires": "2025-07-13T16:28:57.050Z",
    "scope": "read write",
    "created": "2025-07-13T16:28:51.050Z",
    "updated": "2025-07-13T16:28:51.050Z"
  }
},
{
  "model": "oauth2_provider.accesstoken",
  "pk": 43,
  "fields": {
    "user": 6,
    "source_refresh_token": null,
    "token": "RcK4UmlxuNyn49TaDkjqb2LrMbhTbk",
    "token_checksum": "b3fc984450a8fb94968b246cd856cb308d48d87809de2619edce4078eb9a3a63",
    "id_token": null,
    "application": 1,
    "expires": "2025-07-13T16:28:57.092Z",
    "scope": "read write",
    "created": "2025-07-13T16:28:51.092Z",
    "updated": "2025-07-13T16:28:51.092Z"
  }
},
{
  "model": "oauth2_provider.accesstoken",
  "pk": 44,
  "fields": {
    "user": 6,
    "source_refresh_token": null,
    "token": "qc6Hb7MJdzKqm5sgxRZhXWUvZCyH4E",
    "token_checksum": "4437cb8331367b3b04b493a65792969c4131eb2b708b437ce1cb4b86ccdad29d",
    "id_token": null,
    "application": 1,
    "expires": "2025-07-13T16:29:20.557Z",
    "scope": "read write",
    "created": "2025-07-13T16:29:14.558Z",
    "updated": "2025-07-13T16:29:14.558Z"
  }
},
{
  "model": "oauth2_provider.accesstoken",
  "pk": 45,
  "fields": {
    "user": 6,
    "source_refresh_token": null,
    "token": "twJJ053YGhoIMYcohEzrgE3jVlgVkN",
    "token_checksum": "2f2cc7460a7b5acfc92b74d3dfe03ea2054957d3220004cd04e7e7211099babf",
    "id_token": null,
    "application": 1,
    "expires": "2025-07-13T16:29:20.613Z",
    "scope": "read write",
    "created": "2025-07-13T16:29:14.613Z",
    "updated": "2025-07-13T16:29:14.613Z"
  }
},
{
  "model": "oauth2_provider.accesstoken",
  "pk": 46,
  "fields": {
    "user": 6,
    "source_refresh_token": null,
    "token": "YSAt3Je86hB3d50arb5O3UaqDaYtvN",
    "token_checksum": "07c0a9b9031302b5e4013e4e4a1c74e8eac9f175e3a6cc39008d3e503b716bc2",
    "id_token": null,
    "application": 1,
    "expires": "2025-07-13T16:34:01.691Z",
    "scope": "read write",
    "created": "2025-07-13T16:33:55.691Z",
    "updated": "2025-07-13T16:33:55.691Z"
  }
},
{
  "model": "oauth2_provider.accesstoken",
  "pk": 47,
  "fields": {
    "user": 6,
    "source_refresh_token": null,
    "token": "o8OPFGkVe6BVnRL2Gykw16pgLxKpt3",
    "token_checksum": "9a92e938dc424c70b0a3a858b13c019647e246a328758c7db3020476e66dc9b3",
    "id_token": null,
    "application": 1,
    "expires": "2025-07-13T16:34:01.730Z",
    "scope": "read write",
    "created": "2025-07-13T16:33:55.730Z",
    "updated": "2025-07-13T16:33:55.730Z"
  }
},
{
  "model": "oauth2_provider.accesstoken",
  "pk": 48,
  "fields": {
    "user": 5,
    "source_refresh_token": null,
    "token": "fx34KdyCmWrHtWCSEzPnHCBrSx9qkV",
    "token_checksum": "14b2ee31448bec8e237fa631ba8ca75853411e3e66e6d63c629f13d78bb2e44c",
    "id_token": null,
    "application": 1,
    "expires": "2025-07-13T16:34:55.966Z",
    "scope": "read write",
    "created": "2025-07-13T16:34:49.967Z",
    "updated": "2025-07-13T16:34:49.967Z"
  }
},
{
  "model": "oauth2_provider.accesstoken",
  "pk": 49,
  "fields": {
    "user": 5,
    "source_refresh_token": null,
    "token": "yrVIsYkqWnk2oTrKH3F3V2AxFknxVD",
    "token_checksum": "99c00c9dde0d7d4109158482bfc5aa7b90c57890092d303e6c28be9b89f560c5",
    "id_token": null,
    "application": 1,
    "expires": "2025-07-13T16:34:56.013Z",
    "scope": "read write",
    "created": "2025-07-13T16:34:50.014Z",
    "updated": "2025-07-13T16:34:50.014Z"
  }
},
{
  "model": "oauth2_provider.accesstoken",
  "pk": 50,
  "fields": {
    "user": 5,
    "source_refresh_token": null,
    "token": "kBo1Xv7OziCH5j4Shm7pc0RejFPLmy",
    "token_checksum": "fc7088a756fa24b51cf0de506d45cb6cfaaffb06202666ee8fca4f5b2f2c57c4",
    "id_token": null,
    "application": 1,
    "expires": "2025-07-13T16:35:42.542Z",
    "scope": "read write",
    "created": "2025-07-13T16:35:36.543Z",
    "updated": "2025-07-13T16:35:36.543Z"
  }
},
{
  "model": "oauth2_provider.accesstoken",
  "pk": 51,
  "fields": {
    "user": 5,
    "source_refresh_token": null,
    "token": "spM0wLirQQbSzuXP8j8qUgvV9wMwpA",
    "token_checksum": "2186b51ea44d558b8146885e5a21ac84ffa67512ea2b03b0f335ba9b102141a6",
    "id_token": null,
    "application": 1,
    "expires": "2025-07-13T16:35:42.580Z",
    "scope": "read write",
    "created": "2025-07-13T16:35:36.580Z",
    "updated": "2025-07-13T16:35:36.580Z"
  }
},
{
  "model": "oauth2_provider.accesstoken",
  "pk": 52,
  "fields": {
    "user": 5,
    "source_refresh_token": null,
    "token": "2jBhCiL0mgOHDSwRfZXnSRfjsBDpp7",
    "token_checksum": "291ff17d22a37da7d354566f77f5b5d3b631cad00789749857d09268bd292f61",
    "id_token": null,
    "application": 1,
    "expires": "2025-07-13T16:36:55.162Z",
    "scope": "read write",
    "created": "2025-07-13T16:36:49.163Z",
    "updated": "2025-07-13T16:36:49.163Z"
  }
},
{
  "model": "oauth2_provider.accesstoken",
  "pk": 53,
  "fields": {
    "user": 5,
    "source_refresh_token": null,
    "token": "CcZiPBCuUpKQqWUye2HiQ48AVpujxX",
    "token_checksum": "2f97be920180167a82a1d5da9710c9f3ad5e860f0eadad95e6537826b28ce0fa",
    "id_token": null,
    "application": 1,
    "expires": "2025-07-13T16:36:55.246Z",
    "scope": "read write",
    "created": "2025-07-13T16:36:49.246Z",
    "updated": "2025-07-13T16:36:49.246Z"
  }
},
{
  "model": "oauth2_provider.accesstoken",
  "pk": 54,
  "fields": {
    "user": 5,
    "source_refresh_token": null,
    "token": "Q4jxZzD7sMGpuHUYNuIMi68WMsKaAF",
    "token_checksum": "6d479caa8967d2ef87d339cc09ea5aec80cb787c11e71d6c38f9e3994ec817da",
    "id_token": null,
    "application": 1,
    "expires": "2025-07-13T16:39:57.756Z",
    "scope": "read write",
    "created": "2025-07-13T16:39:51.757Z",
    "updated": "2025-07-13T16:39:51.757Z"
  }
},
{
  "model": "oauth2_provider.accesstoken",
  "pk": 55,
  "fields": {
    "user": 5,
    "source_refresh_token": null,
    "token": "ENwLuZcW7zFseq4FAM7InIlaMu2COR",
    "token_checksum": "29f272819e7c8b910c3d4e7a09ad20d7a1f3d3903a33e4f6a2b36349b80d4e73",
    "id_token": null,
    "application": 1,
    "expires": "2025-07-13T16:39:57.800Z",
    "scope": "read write",
    "created": "2025-07-13T16:39:51.800Z",
    "updated": "2025-07-13T16:39:51.800Z"
  }
},
{
  "model": "oauth2_provider.accesstoken",
  "pk": 56,
  "fields": {
    "user": 5,
    "source_refresh_token": null,
    "token": "8avDNDgbBoyvHZYK1QCKvZcJ2pa94Y",
    "token_checksum": "d64044a85c4328eb2b474ae692a3480830203849d995c59b5f836dd168f289cd",
    "id_token": null,
    "application": 1,
    "expires": "2025-07-13T16:41:27.515Z",
    "scope": "read write",
    "created": "2025-07-13T16:41:21.515Z",
    "updated": "2025-07-13T16:41:21.515Z"
  }
},
{
  "model": "oauth2_provider.accesstoken",
  "pk": 57,
  "fields": {
    "user": 5,
    "source_refresh_token": null,
    "token": "iFWL3gaohYj8z8EqOc97MVgF2bTbfh",
    "token_checksum": "f10434850c38943d4b8042f6dcb4824da260d5a2bc15df6eead14e093fcbcdea",
    "id_token": null,
    "application": 1,
    "expires": "2025-07-13T16:41:27.553Z",
    "scope": "read write",
    "created": "2025-07-13T16:41:21.553Z",
    "updated": "2025-07-13T16:41:21.553Z"
  }
},
{
  "model": "oauth2_provider.accesstoken",
  "pk": 58,
  "fields": {
    "user": 5,
    "source_refresh_token": null,
    "token": "L7ECDSF0puILVs1eToPDiGzKIDhAvN",
    "token_checksum": "5f68b1846fd45c55a17a318fd999f38c4128810fc94ed0710ce8a35574136820",
    "id_token": null,
    "application": 1,
    "expires": "2025-07-13T16:42:39.646Z",
    "scope": "read write",
    "created": "2025-07-13T16:42:33.647Z",
    "updated": "2025-07-13T16:42:33.647Z"
  }
},
{
  "model": "oauth2_provider.accesstoken",
  "pk": 59,
  "fields": {
    "user": 5,
    "source_refresh_token": null,
    "token": "ewDGu3sYl1BOVMcMPtOJeHWON3mtCT",
    "token_checksum": "73dd5e3561216c8e80990a1cfc5aeebbc44e0def62aed6d3737c48dc1e666730",
    "id_token": null,
    "application": 1,
    "expires": "2025-07-13T16:42:39.680Z",
    "scope": "read write",
    "created": "2025-07-13T16:42:33.681Z",
    "updated": "2025-07-13T16:42:33.681Z"
  }
},
{
  "model": "oauth2_provider.accesstoken",
  "pk": 60,
  "fields": {
    "user": 5,
    "source_refresh_token": null,
    "token": "dPhVky0HRswXUvyn1vzwrAqapLJJlm",
    "token_checksum": "39cae5742e371637450e2ff4396c5a1e3b6ff6b4b293108288206db341ee250f",
    "id_token": null,
    "application": 1,
    "expires": "2025-07-13T16:42:43.176Z",
    "scope": "read write",
    "created": "2025-07-13T16:42:37.176Z",
    "updated": "2025-07-13T16:42:37.176Z"
  }
},
{
  "model": "oauth2_provider.accesstoken",
  "pk": 61,
  "fields": {
    "user": 5,
    "source_refresh_token": null,
    "token": "Rm9wnfQJEtXlJZkudTiomzmv0hvweZ",
    "token_checksum": "6e3275bfc122cf31390cb05dbd92071ef3189bccbd94fd7f44a98c53c76c8e44",
    "id_token": null,
    "application": 1,
    "expires": "2025-07-13T16:42:44.408Z",
    "scope": "read write",
    "created": "2025-07-13T16:42:38.408Z",
    "updated": "2025-07-13T16:42:38.408Z"
  }
},
{
  "model": "oauth2_provider.accesstoken",
  "pk": 62,
  "fields": {
    "user": 5,
    "source_refresh_token": null,
    "token": "1WOD72hU1QZdaNVqUydL1YyM1Fu284",
    "token_checksum": "5c773cd397909898c2e458142cb0c017d21bc6526cce5fcd057f980b92e7bceb",
    "id_token": null,
    "application": 1,
    "expires": "2025-07-13T16:42:57.666Z",
    "scope": "read write",
    "created": "2025-07-13T16:42:51.666Z",
    "updated": "2025-07-13T16:42:51.666Z"
  }
},
{
  "model": "oauth2_provider.accesstoken",
  "pk": 63,
  "fields": {
    "user": 5,
    "source_refresh_token": null,
    "token": "zDdcUYLeirD93k6dvX8HPZo4MxOu0s",
    "token_checksum": "ebd1bf47d125527598b28b13c1a7eb7c024735b0616cd8b09dc1a5fbaf251389",
    "id_token": null,
    "application": 1,
    "expires": "2025-07-13T16:42:57.707Z",
    "scope": "read write",
    "created": "2025-07-13T16:42:51.707Z",
    "updated": "2025-07-13T16:42:51.707Z"
  }
},
{
  "model": "oauth2_provider.accesstoken",
  "pk": 64,
  "fields": {
    "user": 5,
    "source_refresh_token": null,
    "token": "IXRm37gDMSRc7NeuCUOyh8B85ZB3Ms",
    "token_checksum": "f117dd478a3bbb98021dcb30fdf5aa0f0bb5166f09faa02c59d8af697a8c8a50",
    "id_token": null,
    "application": 1,
    "expires": "2025-07-13T16:43:17.755Z",
    "scope": "read write",
    "created": "2025-07-13T16:43:11.755Z",
    "updated": "2025-07-13T16:43:11.755Z"
  }
},
{
  "model": "oauth2_provider.accesstoken",
  "pk": 65,
  "fields": {
    "user": 5,
    "source_refresh_token": null,
    "token": "pRDAZWvoiUOiEY4rZbBS725t71tGec",
    "token_checksum": "76c1536f25e90525fd22c64f4d1ff3cc0c99993d7e00ebc1e2bf9ce17016c00d",
    "id_token": null,
    "application": 1,
    "expires": "2025-07-13T16:43:17.793Z",
    "scope": "read write",
    "created": "2025-07-13T16:43:11.794Z",
    "updated": "2025-07-13T16:43:11.794Z"
  }
},
{
  "model": "oauth2_provider.accesstoken",
  "pk": 66,
  "fields": {
    "user": 5,
    "source_refresh_token": null,
    "token": "FDjvyh1XvaXM82rlGUGkeAbnMPgLry",
    "token_checksum": "91ddbb4ca96d4bd4fee1a131fde2366594a29b8d823111549588fc4e1de1fbc3",
    "id_token": null,
    "application": 1,
    "expires": "2025-07-13T17:02:31.578Z",
    "scope": "read write",
    "created": "2025-07-13T17:02:25.578Z",
    "updated": "2025-07-13T17:02:25.578Z"
  }
},
{
  "model": "oauth2_provider.accesstoken",
  "pk": 67,
  "fields": {
    "user": 5,
    "source_refresh_token": null,
    "token": "Wsgmcj5CKV9uaabt2azkEB3vrWgxSp",
    "token_checksum": "22102642988b2b0a5be7d232b9f1d6d10c0d4ae213f46e95850cb87154a1e869",
    "id_token": null,
    "application": 1,
    "expires": "2025-07-13T17:02:31.622Z",
    "scope": "read write",
    "created": "2025-07-13T17:02:25.622Z",
    "updated": "2025-07-13T17:02:25.622Z"
  }
},
{
  "model": "oauth2_provider.accesstoken",
  "pk": 68,
  "fields": {
    "user": 5,
    "source_refresh_token": null,
    "token": "NYeKAr3bJPgjYpXGSHCXaqdCG4Hbru",
    "token_checksum": "af18d5cfe3bd660291a80f6f7e643f9929017374a607b3042e876a308b42408e",
    "id_token": null,
    "application": 1,
    "expires": "2025-07-13T17:08:28.989Z",
    "scope": "read write",
    "created": "2025-07-13T17:08:22.989Z",
    "updated": "2025-07-13T17:08:22.989Z"
  }
},
{
  "model": "oauth2_provider.accesstoken",
  "pk": 69,
  "fields": {
    "user": 5,
    "source_refresh_token": null,
    "token": "H5XtHfcmubs8Y2T2CaUbN2R4ZTDRaF",
    "token_checksum": "ebb8896ab1972bd6083e83734bcf932fcf4decc12c078b46eea15f7ccad83e3e",
    "id_token": null,
    "application": 1,
    "expires": "2025-07-14T15:10:47.399Z",
    "scope": "read write",
    "created": "2025-07-14T14:10:47.400Z",
    "updated": "2025-07-14T14:10:47.400Z"
  }
},
{
  "model": "oauth2_provider.refreshtoken",
  "pk": 20,
  "fields": {
    "user": 5,
    "token": "O5IxZIGwuYHsoRXxatincURj0l1ZnZ",
    "application": 1,
    "access_token": 20,
    "token_family": null,
    "created": "2025-07-13T15:46:23.254Z",
    "updated": "2025-07-13T15:46:23.254Z",
    "revoked": null
  }
},
{
  "model": "oauth2_provider.refreshtoken",
  "pk": 21,
  "fields": {
    "user": 5,
    "token": "Hha9E8cNGePA75vRZmoIBBqBplOVbH",
    "application": 1,
    "access_token": null,
    "token_family": null,
    "created": "2025-07-13T15:47:13.488Z",
    "updated": "2025-07-13T15:47:31.055Z",
    "revoked": "2025-07-13T15:47:31.055Z"
  }
},
{
  "model": "oauth2_provider.refreshtoken",
  "pk": 22,
  "fields": {
    "user": 5,
    "token": "tJ3g3o6If3dftlyZ1NYmvxX6eFM0rQ",
    "application": 1,
    "access_token": 22,
    "token_family": null,
    "created": "2025-07-13T15:47:31.059Z",
    "updated": "2025-07-13T15:47:31.059Z",
    "revoked": null
  }
},
{
  "model": "oauth2_provider.refreshtoken",
  "pk": 23,
  "fields": {
    "user": 5,
    "token": "FVkkPuWz87aAgBREYTjxc2X7mP3xqx",
    "application": 1,
    "access_token": null,
    "token_family": null,
    "created": "2025-07-13T15:49:11.542Z",
    "updated": "2025-07-13T15:49:24.200Z",
    "revoked": "2025-07-13T15:49:24.200Z"
  }
},
{
  "model": "oauth2_provider.refreshtoken",
  "pk": 24,
  "fields": {
    "user": 5,
    "token": "9M3WbzGaPJyyaoTe3RWNQNgOA3DCNm",
    "application": 1,
    "access_token": 24,
    "token_family": null,
    "created": "2025-07-13T15:49:24.203Z",
    "updated": "2025-07-13T15:49:24.203Z",
    "revoked": null
  }
},
{
  "model": "oauth2_provider.refreshtoken",
  "pk": 25,
  "fields": {
    "user": 5,
    "token": "CDZTfnYimLiKo3qCyweHcZVcYf6G26",
    "application": 1,
    "access_token": 25,
    "token_family": null,
    "created": "2025-07-13T15:50:42.318Z",
    "updated": "2025-07-13T15:50:42.318Z",
    "revoked": null
  }
},
{
  "model": "oauth2_provider.refreshtoken",
  "pk": 26,
  "fields": {
    "user": 6,
    "token": "KWEbCMpoDhn4saoNPvZAhgz5yLckQh",
    "application": 1,
    "access_token": 26,
    "token_family": null,
    "created": "2025-07-13T16:17:32.728Z",
    "updated": "2025-07-13T16:17:32.728Z",
    "revoked": null
  }
},
{
  "model": "oauth2_provider.refreshtoken",
  "pk": 27,
  "fields": {
    "user": 6,
    "token": "7wrdQhTAaB4gMbM15q1Zlhw8ISPphG",
    "application": 1,
    "access_token": 27,
    "token_family": null,
    "created": "2025-07-13T16:17:32.754Z",
    "updated": "2025-07-13T16:17:32.754Z",
    "revoked": null
  }
},
{
  "model": "oauth2_provider.refreshtoken",
  "pk": 28,
  "fields": {
    "user": 6,
    "token": "42wlgUljOtxBd1iSCWD1NY7tCQrW68",
    "application": 1,
    "access_token": 28,
    "token_family": null,
    "created": "2025-07-13T16:17:51.171Z",
    "updated": "2025-07-13T16:17:51.171Z",
    "revoked": null
  }
},
{
  "model": "oauth2_provider.refreshtoken",
  "pk": 29,
  "fields": {
    "user": 6,
    "token": "ZGNmzxsompQ6vyGcARpdgeD9N66kEd",
    "application": 1,
    "access_token": 29,
    "token_family": null,
    "created": "2025-07-13T16:17:51.218Z",
    "updated": "2025-07-13T16:17:51.218Z",
    "revoked": null
  }
},
{
  "model": "oauth2_provider.refreshtoken",
  "pk": 30,
  "fields": {
    "user": 6,
    "token": "Z38c9TpQSlmEeVaTqX8yDM5redEH3Z",
    "application": 1,
    "access_token": 30,
    "token_family": null,
    "created": "2025-07-13T16:19:10.307Z",
    "updated": "2025-07-13T16:19:10.307Z",
    "revoked": null
  }
},
{
  "model": "oauth2_provider.refreshtoken",
  "pk": 31,
  "fields": {
    "user": 6,
    "token": "kc3xfPYYKjHfWrQhAQF1kPuR8Ubhpv",
    "application": 1,
    "access_token": 31,
    "token_family": null,
    "created": "2025-07-13T16:19:10.335Z",
    "updated": "2025-07-13T16:19:10.335Z",
    "revoked": null
  }
},
{
  "model": "oauth2_provider.refreshtoken",
  "pk": 32,
  "fields": {
    "user": 6,
    "token": "gs04gM3rCgBKsSG1aO8D8nI5LcWruA",
    "application": 1,
    "access_token": 32,
    "token_family": null,
    "created": "2025-07-13T16:21:22.944Z",
    "updated": "2025-07-13T16:21:22.944Z",
    "revoked": null
  }
},
{
  "model": "oauth2_provider.refreshtoken",
  "pk": 33,
  "fields": {
    "user": 6,
    "token": "mCc9cYeH8c68WOC955GzYvYmxD59Hx",
    "application": 1,
    "access_token": 33,
    "token_family": null,
    "created": "2025-07-13T16:21:22.980Z",
    "updated": "2025-07-13T16:21:22.980Z",
    "revoked": null
  }
},
{
  "model": "oauth2_provider.refreshtoken",
  "pk": 34,
  "fields": {
    "user": 6,
    "token": "pmgdthVtSfyptMt1tO729Iln0lGevw",
    "application": 1,
    "access_token": 34,
    "token_family": null,
    "created": "2025-07-13T16:23:02.044Z",
    "updated": "2025-07-13T16:23:02.044Z",
    "revoked": null
  }
},
{
  "model": "oauth2_provider.refreshtoken",
  "pk": 35,
  "fields": {
    "user": 6,
    "token": "ogEJ5nlR5vDh9HzNUQAfDb417fkBXd",
    "application": 1,
    "access_token": 35,
    "token_family": null,
    "created": "2025-07-13T16:23:02.083Z",
    "updated": "2025-07-13T16:23:02.083Z",
    "revoked": null
  }
},
{
  "model": "oauth2_provider.refreshtoken",
  "pk": 36,
  "fields": {
    "user": 6,
    "token": "Gcu6VMo4XfgqnlQIu3RzdrQX5pl5w1",
    "application": 1,
    "access_token": 36,
    "token_family": null,
    "created": "2025-07-13T16:23:57.235Z",
    "updated": "2025-07-13T16:23:57.235Z",
    "revoked": null
  }
},
{
  "model": "oauth2_provider.refreshtoken",
  "pk": 37,
  "fields": {
    "user": 6,
    "token": "cGYW6komb5VZGrIRxrsJ3v56qqtV5l",
    "application": 1,
    "access_token": 37,
    "token_family": null,
    "created": "2025-07-13T16:23:57.290Z",
    "updated": "2025-07-13T16:23:57.290Z",
    "revoked": null
  }
},
{
  "model": "oauth2_provider.refreshtoken",
  "pk": 38,
  "fields": {
    "user": 6,
    "token": "gXPyTrXN7LJ8xXdfgGqld3ukIzILTQ",
    "application": 1,
    "access_token": 38,
    "token_family": null,
    "created": "2025-07-13T16:26:15.442Z",
    "updated": "2025-07-13T16:26:15.442Z",
    "revoked": null
  }
},
{
  "model": "oauth2_provider.refreshtoken",
  "pk": 39,
  "fields": {
    "user": 6,
    "token": "5bt6f8Y8eXPvBinPIwF6i0EEIfxXSC",
    "application": 1,
    "access_token": 39,
    "token_family": null,
    "created": "2025-07-13T16:26:15.484Z",
    "updated": "2025-07-13T16:26:15.484Z",
    "revoked": null
  }
},
{
  "model": "oauth2_provider.refreshtoken",
  "pk": 40,
  "fields": {
    "user": 6,
    "token": "ieD02yH8uOCIrgh8sdZ0io8noQLHLp",
    "application": 1,
    "access_token": 40,
    "token_family": null,
    "created": "2025-07-13T16:26:27.460Z",
    "updated": "2025-07-13T16:26:27.460Z",
    "revoked": null
  }
},
{
  "model": "oauth2_provider.refreshtoken",
  "pk": 41,
  "fields": {
    "user": 6,
    "token": "aIu2TWDlKZY89FfTlxMLo1KlRZa4rI",
    "application": 1,
    "access_token": 41,
    "token_family": null,
    "created": "2025-07-13T16:26:27.492Z",
    "updated": "2025-07-13T16:26:27.492Z",
    "revoked": null
  }
},
{
  "model": "oauth2_provider.refreshtoken",
  "pk": 42,
  "fields": {
    "user": 6,
    "token": "HnqMHOW7usBOQlfT2s0KflgnJgoXND",
    "application": 1,
    "access_token": 42,
    "token_family": null,
    "created": "2025-07-13T16:28:51.054Z",
    "updated": "2025-07-13T16:28:51.054Z",
    "revoked": null
  }
},
{
  "model": "oauth2_provider.refreshtoken",
  "pk": 43,
  "fields": {
    "user": 6,
    "token": "MRwlkdzdhH19ooZKZRdUWeauVVs0b6",
    "application": 1,
    "access_token": 43,
    "token_family": null,
    "created": "2025-07-13T16:28:51.096Z",
    "updated": "2025-07-13T16:28:51.096Z",
    "revoked": null
  }
},
{
  "model": "oauth2_provider.refreshtoken",
  "pk": 44,
  "fields": {
    "user": 6,
    "token": "rxodooGsqcDeknPRZSTvW2Ysq03Qk4",
    "application": 1,
    "access_token": 44,
    "token_family": null,
    "created": "2025-07-13T16:29:14.563Z",
    "updated": "2025-07-13T16:29:14.563Z",
    "revoked": null
  }
},
{
  "model": "oauth2_provider.refreshtoken",
  "pk": 45,
  "fields": {
    "user": 6,
    "token": "Ci8xFL7f7ok26XDrDIskGi5vodMYlP",
    "application": 1,
    "access_token": 45,
    "token_family": null,
    "created": "2025-07-13T16:29:14.617Z",
    "updated": "2025-07-13T16:29:14.617Z",
    "revoked": null
  }
},
{
  "model": "oauth2_provider.refreshtoken",
  "pk": 46,
  "fields": {
    "user": 6,
    "token": "r01VVZnhiiYPzYcL96PFGnxlFNuha9",
    "application": 1,
    "access_token": 46,
    "token_family": null,
    "created": "2025-07-13T16:33:55.696Z",
    "updated": "2025-07-13T16:33:55.696Z",
    "revoked": null
  }
},
{
  "model": "oauth2_provider.refreshtoken",
  "pk": 47,
  "fields": {
    "user": 6,
    "token": "WZ1Mo8sOrE5yJ8C3XtYi4W3nsoLOkW",
    "application": 1,
    "access_token": 47,
    "token_family": null,
    "created": "2025-07-13T16:33:55.733Z",
    "updated": "2025-07-13T16:33:55.733Z",
    "revoked": null
  }
},
{
  "model": "oauth2_provider.refreshtoken",
  "pk": 48,
  "fields": {
    "user": 5,
    "token": "7QXdSIGrSvGDU5aFa9aWABo8vpbiCr",
    "application": 1,
    "access_token": 48,
    "token_family": null,
    "created": "2025-07-13T16:34:49.972Z",
    "updated": "2025-07-13T16:34:49.972Z",
    "revoked": null
  }
},
{
  "model": "oauth2_provider.refreshtoken",
  "pk": 49,
  "fields": {
    "user": 5,
    "token": "2TS3uUF8RqYLVcU12TdvvqglzM0rwi",
    "application": 1,
    "access_token": 49,
    "token_family": null,
    "created": "2025-07-13T16:34:50.017Z",
    "updated": "2025-07-13T16:34:50.017Z",
    "revoked": null
  }
},
{
  "model": "oauth2_provider.refreshtoken",
  "pk": 50,
  "fields": {
    "user": 5,
    "token": "9V7A3wV4D4UHCziqBsHTwjL1j7wb5W",
    "application": 1,
    "access_token": 50,
    "token_family": null,
    "created": "2025-07-13T16:35:36.547Z",
    "updated": "2025-07-13T16:35:36.547Z",
    "revoked": null
  }
},
{
  "model": "oauth2_provider.refreshtoken",
  "pk": 51,
  "fields": {
    "user": 5,
    "token": "PVFQ3UvwVCXmqI9TrNVASPFHjKP0Aa",
    "application": 1,
    "access_token": 51,
    "token_family": null,
    "created": "2025-07-13T16:35:36.584Z",
    "updated": "2025-07-13T16:35:36.584Z",
    "revoked": null
  }
},
{
  "model": "oauth2_provider.refreshtoken",
  "pk": 52,
  "fields": {
    "user": 5,
    "token": "8tkaLMV2B6OcwfUZqN1Zx8XppJlpre",
    "application": 1,
    "access_token": 52,
    "token_family": null,
    "created": "2025-07-13T16:36:49.169Z",
    "updated": "2025-07-13T16:36:49.169Z",
    "revoked": null
  }
},
{
  "model": "oauth2_provider.refreshtoken",
  "pk": 53,
  "fields": {
    "user": 5,
    "token": "B54XsJSrMkfJexCtfgD0FGnvfCOMA4",
    "application": 1,
    "access_token": 53,
    "token_family": null,
    "created": "2025-07-13T16:36:49.252Z",
    "updated": "2025-07-13T16:36:49.252Z",
    "revoked": null
  }
},
{
  "model": "oauth2_provider.refreshtoken",
  "pk": 54,
  "fields": {
    "user": 5,
    "token": "TqXNRKQE1G5yE1mBX2ZJ0N9zDGoOIl",
    "application": 1,
    "access_token": 54,
    "token_family": null,
    "created": "2025-07-13T16:39:51.761Z",
    "updated": "2025-07-13T16:39:51.761Z",
    "revoked": null
  }
},
{
  "model": "oauth2_provider.refreshtoken",
  "pk": 55,
  "fields": {
    "user": 5,
    "token": "koyA6C42QqdT5cuJYZxO2skFy0kO9Z",
    "application": 1,
    "access_token": 55,
    "token_family": null,
    "created": "2025-07-13T16:39:51.803Z",
    "updated": "2025-07-13T16:39:51.803Z",
    "revoked": null
  }
},
{
  "model": "oauth2_provider.refreshtoken",
  "pk": 56,
  "fields": {
    "user": 5,
    "token": "B0b3kN6g3sPslaAsL0isVoXyAghnNW",
    "application": 1,
    "access_token": 56,
    "token_family": null,
    "created": "2025-07-13T16:41:21.520Z",
    "updated": "2025-07-13T16:41:21.520Z",
    "revoked": null
  }
},
{
  "model": "oauth2_provider.refreshtoken",
  "pk": 57,
  "fields": {
    "user": 5,
    "token": "45hgc0hLxTRmnyneWfd9EMGRlzl8kX",
    "application": 1,
    "access_token": 57,
    "token_family": null,
    "created": "2025-07-13T16:41:21.556Z",
    "updated": "2025-07-13T16:41:21.556Z",
    "revoked": null
  }
},
{
  "model": "oauth2_provider.refreshtoken",
  "pk": 58,
  "fields": {
    "user": 5,
    "token": "JAmhd3vaVqUGvlxGJOUYWGMV9bhmBt",
    "application": 1,
    "access_token": 58,
    "token_family": null,
    "created": "2025-07-13T16:42:33.650Z",
    "updated": "2025-07-13T16:42:33.650Z",
    "revoked": null
  }
},
{
  "model": "oauth2_provider.refreshtoken",
  "pk": 59,
  "fields": {
    "user": 5,
    "token": "moAGx37wCOV8H8ka13gk1J671BVvKM",
    "application": 1,
    "access_token": 59,
    "token_family": null,
    "created": "2025-07-13T16:42:33.684Z",
    "updated": "2025-07-13T16:42:33.684Z",
    "revoked": null
  }
},
{
  "model": "oauth2_provider.refreshtoken",
  "pk": 60,
  "fields": {
    "user": 5,
    "token": "A4HBOpdhm6xpFHRyxvKFiym0lyEJvk",
    "application": 1,
    "access_token": 60,
    "token_family": null,
    "created": "2025-07-13T16:42:37.181Z",
    "updated": "2025-07-13T16:42:37.181Z",
    "revoked": null
  }
},
{
  "model": "oauth2_provider.refreshtoken",
  "pk": 61,
  "fields": {
    "user": 5,
    "token": "wAyZopAtfFAAKudCu1hfoUv8fcie6f",
    "application": 1,
    "access_token": 61,
    "token_family": null,
    "created": "2025-07-13T16:42:38.411Z",
    "updated": "2025-07-13T16:42:38.411Z",
    "revoked": null
  }
},
{
  "model": "oauth2_provider.refreshtoken",
  "pk": 62,
  "fields": {
    "user": 5,
    "token": "d7zg0eRjtDRptgoxMSVcVCJCpTQSKz",
    "application": 1,
    "access_token": 62,
    "token_family": null,
    "created": "2025-07-13T16:42:51.673Z",
    "updated": "2025-07-13T16:42:51.673Z",
    "revoked": null
  }
},
{
  "model": "oauth2_provider.refreshtoken",
  "pk": 63,
  "fields": {
    "user": 5,
    "token": "9grKR1YljSBeqpDgKIukIHQCk5F7MW",
    "application": 1,
    "access_token": 63,
    "token_family": null,
    "created": "2025-07-13T16:42:51.712Z",
    "updated": "2025-07-13T16:42:51.712Z",
    "revoked": null
  }
},
{
  "model": "oauth2_provider.refreshtoken",
  "pk": 64,
  "fields": {
    "user": 5,
    "token": "tl9FmTIVlUmzFBbPxosiKVQWBPv3xe",
    "application": 1,
    "access_token": 64,
    "token_family": null,
    "created": "2025-07-13T16:43:11.759Z",
    "updated": "2025-07-13T16:43:11.759Z",
    "revoked": null
  }
},
{
  "model": "oauth2_provider.refreshtoken",
  "pk": 65,
  "fields": {
    "user": 5,
    "token": "zJqZylukcqR9PqQWT3udeQguK54TY4",
    "application": 1,
    "access_token": 65,
    "token_family": null,
    "created": "2025-07-13T16:43:11.796Z",
    "updated": "2025-07-13T16:43:11.796Z",
    "revoked": null
  }
},
{
  "model": "oauth2_provider.refreshtoken",
  "pk": 66,
  "fields": {
    "user": 5,
    "token": "4h5BoAbjkagn8SMFFuLyJfGOyf8uhj",
    "application": 1,
    "access_token": 66,
    "token_family": null,
    "created": "2025-07-13T17:02:25.583Z",
    "updated": "2025-07-13T17:02:25.583Z",
    "revoked": null
  }
},
{
  "model": "oauth2_provider.refreshtoken",
  "pk": 67,
  "fields": {
    "user": 5,
    "token": "szjq2BY6gx95U1VpqJknSAqR5KkItY",
    "application": 1,
    "access_token": 67,
    "token_family": null,
    "created": "2025-07-13T17:02:25.626Z",
    "updated": "2025-07-13T17:02:25.626Z",
    "revoked": null
  }
},
{
  "model": "oauth2_provider.refreshtoken",
  "pk": 68,
  "fields": {
    "user": 5,
    "token": "5Gwo7m22TkPBFGGO5Tk8Xj0l1TQL7r",
    "application": 1,
    "access_token": 68,
    "token_family": null,
    "created": "2025-07-13T17:08:22.993Z",
    "updated": "2025-07-13T17:08:22.993Z",
    "revoked": null
  }
},
{
  "model": "oauth2_provider.refreshtoken",
  "pk": 69,
  "fields": {
    "user": 5,
    "token": "GRT9EYz9gjL0Q4L1sUYSqBOusHU56R",
    "application": 1,
    "access_token": 69,
    "token_family": null,
    "created": "2025-07-14T14:10:47.412Z",
    "updated": "2025-07-14T14:10:47.412Z",
    "revoked": null
  }
}
]
