[
{
  "model": "users.user",
  "fields": {
    "password": "pbkdf2_sha256$1200000$w3MyXuvshGivF5qQauWblB$sBIktohQMGIDiRQpfBr8X16tipNcrYIX9ZdWDQ/xhmE=",
    "email": "admin@admin.com",
    "first_name": "Admin",
    "last_name": "Admin",
    "avatar": null,
    "role": "AD",
    "is_staff": true,
    "is_active": true,
    "is_superuser": true,
    "department": null,
    "date_joined": "2025-08-17T07:34:26.611Z",
    "last_login": "2026-05-31T06:56:57.264Z",
    "updated_at": "2025-08-17T07:34:26.612Z",
    "groups": [],
    "user_permissions": []
  }
},
{
  "model": "core.mainslideritem",
  "pk": 20,
  "fields": {
    "image": "banners/nuwm_1920x900.jpg"
  }
},
{
  "model": "core.mainslideritem",
  "pk": 21,
  "fields": {
    "image": "banners/FB_IMG_1664796610950.jpg"
  }
},
{
  "model": "core.mainslideritem",
  "pk": 22,
  "fields": {
    "image": "banners/FB_IMG_1666895497071.jpg"
  }
},
{
  "model": "core.mainslideritem",
  "pk": 23,
  "fields": {
    "image": "banners/FB_IMG_1666895532139.jpg"
  }
},
{
  "model": "core.mainslideritem",
  "pk": 24,
  "fields": {
    "image": "banners/IMG_20221008_103459_0127.jpg"
  }
},
{
  "model": "core.statisticblocktranslation",
  "pk": 1,
  "fields": {
    "language_code": "en",
    "title": "3400+",
    "description": "Stydying now",
    "master": 1
  }
},
{
  "model": "core.statisticblocktranslation",
  "pk": 2,
  "fields": {
    "language_code": "uk",
    "title": "3400+",
    "description": "Зараз навчається",
    "master": 1
  }
},
{
  "model": "core.statisticblocktranslation",
  "pk": 3,
  "fields": {
    "language_code": "en",
    "title": "Top 1 in Rivne",
    "description": "",
    "master": 2
  }
},
{
  "model": "core.statisticblocktranslation",
  "pk": 4,
  "fields": {
    "language_code": "uk",
    "title": "Топ 1 в Рівному",
    "description": "",
    "master": 2
  }
},
{
  "model": "core.statisticblocktranslation",
  "pk": 5,
  "fields": {
    "language_code": "en",
    "title": "81",
    "description": "Teaching staff",
    "master": 3
  }
},
{
  "model": "core.statisticblocktranslation",
  "pk": 6,
  "fields": {
    "language_code": "uk",
    "title": "81",
    "description": "Викладач",
    "master": 3
  }
},
{
  "model": "core.statisticblocktranslation",
  "pk": 7,
  "fields": {
    "language_code": "en",
    "title": "40+",
    "description": "Partners around the world",
    "master": 4
  }
},
{
  "model": "core.statisticblocktranslation",
  "pk": 8,
  "fields": {
    "language_code": "uk",
    "title": "40+",
    "description": "Партнерів по всьому світу",
    "master": 4
  }
},
{
  "model": "core.statisticblocktranslation",
  "pk": 9,
  "fields": {
    "language_code": "uk",
    "title": "29000+",
    "description": "Випускників",
    "master": 5
  }
},
{
  "model": "core.statisticblocktranslation",
  "pk": 10,
  "fields": {
    "language_code": "en",
    "title": "29000+",
    "description": "Graduated",
    "master": 5
  }
},
{
  "model": "core.statisticblocktranslation",
  "pk": 11,
  "fields": {
    "language_code": "en",
    "title": "12",
    "description": "Education programs",
    "master": 6
  }
},
{
  "model": "core.statisticblocktranslation",
  "pk": 12,
  "fields": {
    "language_code": "uk",
    "title": "12",
    "description": "Освітніх програм",
    "master": 6
  }
},
{
  "model": "core.statisticblocktranslation",
  "pk": 13,
  "fields": {
    "language_code": "en",
    "title": "Top 44 in Ukraine",
    "description": "",
    "master": 7
  }
},
{
  "model": "core.statisticblocktranslation",
  "pk": 14,
  "fields": {
    "language_code": "uk",
    "title": "44-ті в рейтингу України",
    "description": "",
    "master": 7
  }
},
{
  "model": "core.statisticblock",
  "pk": 1,
  "fields": {
    "start_value": 0,
    "order": 1
  }
},
{
  "model": "core.statisticblock",
  "pk": 2,
  "fields": {
    "start_value": null,
    "order": 2
  }
},
{
  "model": "core.statisticblock",
  "pk": 3,
  "fields": {
    "start_value": 0,
    "order": 3
  }
},
{
  "model": "core.statisticblock",
  "pk": 4,
  "fields": {
    "start_value": 0,
    "order": 4
  }
},
{
  "model": "core.statisticblock",
  "pk": 5,
  "fields": {
    "start_value": 0,
    "order": 5
  }
},
{
  "model": "core.statisticblock",
  "pk": 6,
  "fields": {
    "start_value": 0,
    "order": 6
  }
},
{
  "model": "core.statisticblock",
  "pk": 7,
  "fields": {
    "start_value": 200,
    "order": 7
  }
},
{
  "model": "core.partnertranslation",
  "pk": 1,
  "fields": {
    "language_code": "uk",
    "name": "SoftServe",
    "master": 1
  }
},
{
  "model": "core.partnertranslation",
  "pk": 2,
  "fields": {
    "language_code": "en",
    "name": "SoftServe",
    "master": 1
  }
},
{
  "model": "core.partnertranslation",
  "pk": 3,
  "fields": {
    "language_code": "uk",
    "name": "ETH Zurich",
    "master": 2
  }
},
{
  "model": "core.partnertranslation",
  "pk": 4,
  "fields": {
    "language_code": "en",
    "name": "ETH Zurich",
    "master": 2
  }
},
{
  "model": "core.partnertranslation",
  "pk": 5,
  "fields": {
    "language_code": "uk",
    "name": "Варшавський університет природничих наук",
    "master": 3
  }
},
{
  "model": "core.partnertranslation",
  "pk": 6,
  "fields": {
    "language_code": "en",
    "name": "Warsaw University of Life Sciences",
    "master": 3
  }
},
{
  "model": "core.partnertranslation",
  "pk": 7,
  "fields": {
    "language_code": "uk",
    "name": "Університет Ньюкасла",
    "master": 4
  }
},
{
  "model": "core.partnertranslation",
  "pk": 8,
  "fields": {
    "language_code": "en",
    "name": "Newcastle University",
    "master": 4
  }
},
{
  "model": "core.partnertranslation",
  "pk": 9,
  "fields": {
    "language_code": "uk",
    "name": "Люблінська політехніка",
    "master": 5
  }
},
{
  "model": "core.partnertranslation",
  "pk": 10,
  "fields": {
    "language_code": "en",
    "name": "Lublin University of Technology",
    "master": 5
  }
},
{
  "model": "core.partnertranslation",
  "pk": 11,
  "fields": {
    "language_code": "uk",
    "name": "Університет Weihenstephan-Triesdorf",
    "master": 6
  }
},
{
  "model": "core.partnertranslation",
  "pk": 12,
  "fields": {
    "language_code": "en",
    "name": "Weihenstephan-Triesdorf University",
    "master": 6
  }
},
{
  "model": "core.partner",
  "pk": 1,
  "fields": {
    "image": "",
    "site_link": "https://www.softserveinc.com"
  }
},
{
  "model": "core.partner",
  "pk": 2,
  "fields": {
    "image": "",
    "site_link": "https://ethz.ch"
  }
},
{
  "model": "core.partner",
  "pk": 3,
  "fields": {
    "image": "",
    "site_link": "https://www.sggw.edu.pl"
  }
},
{
  "model": "core.partner",
  "pk": 4,
  "fields": {
    "image": "",
    "site_link": "https://www.ncl.ac.uk"
  }
},
{
  "model": "core.partner",
  "pk": 5,
  "fields": {
    "image": "",
    "site_link": "https://pollub.pl"
  }
},
{
  "model": "core.partner",
  "pk": 6,
  "fields": {
    "image": "",
    "site_link": "https://www.hswt.de"
  }
},
{
  "model": "core.faqtranslation",
  "pk": 1,
  "fields": {
    "language_code": "uk",
    "question": "Які документи потрібні для вступу до інституту?",
    "answer": "Потрібен атестат про повну загальну середню освіту, паспорт та сертифікати ЗНО або НМТ.",
    "master": 1
  }
},
{
  "model": "core.faqtranslation",
  "pk": 2,
  "fields": {
    "language_code": "en",
    "question": "What documents are required for admission to the institute?",
    "answer": "You need a high school diploma, a passport, and standardized test certificates (ZNO or NMT).",
    "master": 1
  }
},
{
  "model": "core.faqtranslation",
  "pk": 3,
  "fields": {
    "language_code": "uk",
    "question": "Чи є в інституті гуртожиток?",
    "answer": "Так, інститут надає місця у гуртожитку для іногородніх студентів.",
    "master": 2
  }
},
{
  "model": "core.faqtranslation",
  "pk": 4,
  "fields": {
    "language_code": "en",
    "question": "Does the institute provide dormitory accommodation?",
    "answer": "Yes, the institute offers dormitory places for non-local students.",
    "master": 2
  }
},
{
  "model": "core.faqtranslation",
  "pk": 5,
  "fields": {
    "language_code": "uk",
    "question": "Які спеціальності доступні для навчання?",
    "answer": "Інститут пропонує спеціальності у сфері ІТ, економіки, права, інженерії та гуманітарних наук.",
    "master": 3
  }
},
{
  "model": "core.faqtranslation",
  "pk": 6,
  "fields": {
    "language_code": "en",
    "question": "What majors are available at the institute?",
    "answer": "The institute offers programs in IT, economics, law, engineering, and humanities.",
    "master": 3
  }
},
{
  "model": "core.faqtranslation",
  "pk": 7,
  "fields": {
    "language_code": "uk",
    "question": "Чи можна навчатися заочно?",
    "answer": "Так, є як денна, так і заочна форма навчання.",
    "master": 4
  }
},
{
  "model": "core.faqtranslation",
  "pk": 8,
  "fields": {
    "language_code": "en",
    "question": "Is part-time study available?",
    "answer": "Yes, both full-time and part-time study options are available.",
    "master": 4
  }
},
{
  "model": "core.faqtranslation",
  "pk": 9,
  "fields": {
    "language_code": "uk",
    "question": "Якою мовою ведеться навчання?",
    "answer": "Навчання ведеться українською мовою, але деякі програми доступні англійською.",
    "master": 5
  }
},
{
  "model": "core.faqtranslation",
  "pk": 10,
  "fields": {
    "language_code": "en",
    "question": "What is the language of instruction?",
    "answer": "The primary language is Ukrainian, but some programs are available in English.",
    "master": 5
  }
},
{
  "model": "core.faqtranslation",
  "pk": 11,
  "fields": {
    "language_code": "uk",
    "question": "Чи є можливість отримати стипендію?",
    "answer": "Так, академічна стипендія надається за високі результати в навчанні.",
    "master": 6
  }
},
{
  "model": "core.faqtranslation",
  "pk": 12,
  "fields": {
    "language_code": "en",
    "question": "Can I get a scholarship?",
    "answer": "Yes, academic scholarships are available for high-performing students.",
    "master": 6
  }
},
{
  "model": "core.faqtranslation",
  "pk": 13,
  "fields": {
    "language_code": "uk",
    "question": "Як подати документи онлайн?",
    "answer": "Ви можете подати документи через електронний кабінет вступника на офіційному сайті.",
    "master": 7
  }
},
{
  "model": "core.faqtranslation",
  "pk": 14,
  "fields": {
    "language_code": "en",
    "question": "How can I apply online?",
    "answer": "You can apply through the applicant's electronic portal on the official website.",
    "master": 7
  }
},
{
  "model": "core.faq",
  "pk": 1,
  "fields": {}
},
{
  "model": "core.faq",
  "pk": 2,
  "fields": {}
},
{
  "model": "core.faq",
  "pk": 3,
  "fields": {}
},
{
  "model": "core.faq",
  "pk": 4,
  "fields": {}
},
{
  "model": "core.faq",
  "pk": 5,
  "fields": {}
},
{
  "model": "core.faq",
  "pk": 6,
  "fields": {}
},
{
  "model": "core.faq",
  "pk": 7,
  "fields": {}
},
{
  "model": "core.alumnustranslation",
  "pk": 1,
  "fields": {
    "language_code": "uk",
    "full_name": "Пархомчук Віталій Сергійович",
    "text": "Молодий перспективний челік.",
    "major": "Інженерія програмного забезпечення",
    "degree": "Бакалавр",
    "workplace": "CEO в google",
    "position": "CEO",
    "master": 1
  }
},
{
  "model": "core.alumnustranslation",
  "pk": 2,
  "fields": {
    "language_code": "uk",
    "full_name": "Пархомчук Віталіна Сергіївна",
    "text": "Сетсра Віталіка",
    "major": "Інженерія програмного забезпечення",
    "degree": "Бакалавр",
    "workplace": "Безробітній",
    "position": "Відсутня",
    "master": 2
  }
},
{
  "model": "core.alumnustranslation",
  "pk": 3,
  "fields": {
    "language_code": "uk",
    "full_name": "Чін Чіл Чінчілович",
    "text": "Чін Чіл, студент-програміст з невеликого українського міста, завжди мріяв про велике. Після випуску з університету, де він відзначився своїми новаторськими ідеями в галузі штучного інтелекту, він відправився до Каліфорнії. Там він приєднався до Google як рядовий інженер. Завдяки своїй винятковій працездатності, глибоким знанням та унікальному баченню майбутнього технологій, Ілон швидко піднявся кар'єрними сходами. Він очолив кілька ключових проєктів, які змінили підхід компанії до пошукових алгоритмів та аналізу даних. Його сміливість в ухваленні рішень і здатність надихати команду зрештою привели його до найвищої посади. У 35 років Ілон став головою CEO Google, довівши, що амбіції, талант і наполеглива праця можуть подолати будь-які межі.",
    "major": "Інженерія програмного забезпечення",
    "degree": "Магістр",
    "workplace": "Google",
    "position": "Голова CEO відділу",
    "master": 3
  }
},
{
  "model": "core.alumnustranslation",
  "pk": 6,
  "fields": {
    "language_code": "uk",
    "full_name": "Дмитро Бабич",
    "text": "Я пишаюся тим, що здобув спеціальність 113 Прикладна математика\" – поділився своїми успіхами у професійній діяльності Дмитро Бабич.\r\n\"Моя кар'єра розробника програмного забезпечення почалася 10 років тому – в 2011 році.\r\nСпочатку я набирався досвіду у невеликих компаніях, стартапах, де займався розробкою програм для страхування, агрегатором знижкових карток, програм для готелів. З 2014 року влаштувався на великий проєкт в українську компанію Інфопульс, в якій пропрацював 7.5 років.\r\nЗа цей час я прийняв участь в розробці програмного забезпечення для однієї з чотирьох найбільших аудиторських компаній. Отримав сертифікат розробника Xamarin. Освоїв багато технологій, основні з яких .Net, T-SQL, Azure.\r\nПопрацювавши з різними технологіями від бекенду, фронтенду до мобільної розробки, я все ж вирішив сфокусуватися на бекенді, ближче до даних.\r\nОстанній рік я працюю в компанії Люксофт у команді за участі програмістів, менеджерів, архітекторів компанії Microsoft, в проєкті для альянсу компаній Renault і Nissan. Ми працюємо над бекендом для автомобілів.\r\nКористувач може за допомогою мобільного телефону керувати своїм автомобілем і слідкувати за всією телеметрією. Це домен автомотів та Інтернет речей.\r\nНайбільшим досягненням останнього року є функціонал, який обробляє частину запитів всієї системи – 600 тисяч за хвилину.\r\nПри такому навантаженні потрібно врахувати безліч факторів і все, що може піти не так – піде не так. Об'єм логів всієї системи – 30 гігабайтів за хвилину, і це тільки для європейського регіону. Всі логи зберігаються в Kusto і їх можна легко аналізувати за допомогою запитів.\r\nНовий функціонал допомагає заощаджувати значні кошти на хостингу і в планах компанії використовувати це архітектурне рішення за основу для подальшої оптимізації коштів.\r\nЧи стала мені в пригоді математична вишка? Безумовно.\r\nЦінність досвіду в матаналізі чи диференціальних рівняннях я зрозумів, коли задачі змістилися з верстки форм в сторону роботи з великими об'ємами даних.\r\nМатематичні дисципліни розвивають ємність пам'яті для роботи з алгоритмами, великими об'ємами інформації і коду.\r\nРозібратися в мільйонах рядків чужого коду або створити новий функціонал – це як розв'язати математичну проблему.\r\nКожна нова проблема може бути незнайомою, досвід роботи з алгоритмами і математичними задачами допоможе її вирішити.\r\nФах програміста вимагає постійної самоосвіти, включеності, скрупульозності і роботи з великими об'ємами даних.\r\nТому навчання на 113 Прикладній математиці дасть вам досвід роботи з математичними проблемами, алгоритмами і старт вашої кар'єри в цілому.",
    "major": "113 Прикладна математика",
    "degree": "Магістр",
    "workplace": "Luxoft",
    "position": "Backend розробник",
    "master": 10
  }
},
{
  "model": "core.alumnustranslation",
  "pk": 7,
  "fields": {
    "language_code": "en",
    "full_name": "Dmytro Babych",
    "text": "I am proud to have earned a degree in 113 Applied Mathematics,\" shared Dmytro Babych about his professional achievements.\r\n\"My career as a software developer started 10 years ago – back in 2011.\r\nAt first, I gained experience in small companies and startups, working on software for insurance, discount card aggregators, and hotel management. In 2014, I joined a major project at the Ukrainian company Infopulse, where I worked for 7.5 years.\r\nDuring this time, I contributed to the development of software for one of the Big Four auditing firms. I earned a Xamarin Developer Certificate and mastered many technologies, the main ones being .Net, T-SQL, and Azure.\r\nAfter working with various technologies, from backend and frontend to mobile development, I decided to focus on backend – closer to the data.\r\nFor the past year, I’ve been working at Luxoft in a team with programmers, managers, and architects from Microsoft, on a project for the Renault-Nissan alliance. We are developing backend systems for cars.\r\nUsers can control their car and monitor all telemetry via their mobile phones. This is the automotive domain and the Internet of Things.\r\nMy greatest achievement in the past year has been developing functionality that processes a portion of the system’s load – 600,000 requests per minute.\r\nAt such scale, countless factors must be considered, and anything that can go wrong – will go wrong. The system’s log volume is 30 gigabytes per minute, and that’s only for the European region. All logs are stored in Kusto and can be easily analyzed through queries.\r\nThis new functionality helps save significant hosting costs, and the company plans to use this architectural solution as the basis for further cost optimization.\r\nDid my math degree help me? Absolutely.\r\nI realized the value of experience in mathematical analysis and differential equations when my tasks shifted from form layouts to working with large volumes of data.\r\nMathematical disciplines train the brain to handle algorithms, massive amounts of information, and code.\r\nUnderstanding millions of lines of someone else’s code or creating new functionality is like solving a math problem.\r\nEach new problem may be unfamiliar, but experience with algorithms and mathematical tasks helps solve it.\r\nBeing a programmer requires constant self-education, dedication, meticulousness, and the ability to handle large volumes of data.\r\nThat is why studying Applied Mathematics (specialty 113) provides valuable experience with mathematical problems, algorithms, and a solid starting point for your entire career.",
    "major": "113 Applied Mathematics",
    "degree": "Master",
    "workplace": "Luxoft",
    "position": "Backend Engineer",
    "master": 10
  }
},
{
  "model": "core.alumnustranslation",
  "pk": 8,
  "fields": {
    "language_code": "uk",
    "full_name": "Олена Кравченко",
    "text": "Отримавши спеціальність 121 Інженерія програмного забезпечення, я зрозуміла, що це не просто диплом, а справжня точка відліку,\" – говорить випускниця Олена Кравченко.\r\n\"Мій перший комерційний досвід почався у 2016 році. Спочатку працювала у продуктовому стартапі, де розробляла веб-застосунки на Django та React. Потім були міжнародні компанії: брала участь у створенні сервісів для фінансового сектору та e-commerce. Зараз я Senior Software Engineer у компанії EPAM, де відповідаю за архітектуру мікросервісів і інтеграцію з AWS.\r\nНайбільшим досягненням вважаю участь у проєкті для глобального банку, де ми оптимізували час обробки транзакцій з 2 секунд до 200 мілісекунд.\r\nМоя спеціальність навчила мене системно мислити, писати ефективний код і розуміти, що якість продукту залежить від уваги до деталей. Це ті речі, які супроводжують мене впродовж усієї кар’єри.",
    "major": "121 Інженерія програмного забезпечення",
    "degree": "Магістр",
    "workplace": "EPAM",
    "position": "Senior software Engineer",
    "master": 11
  }
},
{
  "model": "core.alumnustranslation",
  "pk": 9,
  "fields": {
    "language_code": "en",
    "full_name": "Olena Kravchenko",
    "text": "Having graduated with a degree in 121 Software Engineering, I realized it was not just a diploma but a true starting point,\" says alumna Olena Kravchenko.\r\n\"My first commercial experience began in 2016. At first, I worked in a product startup, developing web apps using Django and React. Later, I joined international companies, building services for finance and e-commerce. Today, I am a Senior Software Engineer at EPAM, responsible for microservices architecture and AWS integration.\r\nMy biggest achievement so far is contributing to a project for a global bank, where we optimized transaction processing time from 2 seconds down to 200 milliseconds.\r\nThis specialty taught me how to think systematically, write efficient code, and understand that product quality depends on attention to detail. These are the things that continue to guide me throughout my career.",
    "major": "121 Software Engineering",
    "degree": "Master",
    "workplace": "EPAM",
    "position": "Senior software Engineer",
    "master": 11
  }
},
{
  "model": "core.alumnustranslation",
  "pk": 10,
  "fields": {
    "language_code": "uk",
    "full_name": "Андрій Стеценко",
    "text": "Спеціальність 122 Комп’ютерні науки дала мені інструменти для роботи з великими даними\", – розповідає Андрій Стеценко.\r\nЙого шлях почався з аналітики у невеликих проєктах, а зараз він займається побудовою моделей машинного навчання у SoftServe.\r\n\"Найціннішим для мене є те, що університет сформував здатність швидко вчитися новому. Адже технології змінюються щороку, і саме гнучкість дозволяє залишатися у грі.",
    "major": "122 Комп'ютерні науки",
    "degree": "Магістр",
    "workplace": "SoftServe",
    "position": "Data Scientist",
    "master": 12
  }
},
{
  "model": "core.alumnustranslation",
  "pk": 11,
  "fields": {
    "language_code": "en",
    "full_name": "Andrii Stetsenko",
    "text": "The 122 Computer Science program gave me the tools to work with big data,\" says Andrii Stetsenko.\r\nHe started with analytics in small projects and now builds machine learning models at SoftServe.\r\n\"The most valuable thing for me is that university taught me how to learn quickly. Technologies change every year, and flexibility is what allows you to stay in the game.",
    "major": "122 Computer Science",
    "degree": "Master",
    "workplace": "SoftServe",
    "position": "Data Scientist",
    "master": 12
  }
},
{
  "model": "core.alumnustranslation",
  "pk": 12,
  "fields": {
    "language_code": "uk",
    "full_name": "Марія Литвиненко",
    "text": "126 Інформаційні системи та технології – це спеціальність, яка поєднує технічні знання та бізнес-орієнтоване мислення\", – каже Марія Литвиненко.\r\nВона розпочинала як бізнес-аналітик, а нині керує продуктовими командами у Genesis.\r\n\"Моя головна гордість – запуск мобільного застосунку, який отримав понад 1 мільйон завантажень. Університет навчив мене шукати баланс між технологіями й потребами користувачів.",
    "major": "126 Інформаційні системи і технології",
    "degree": "Магістр",
    "workplace": "Genesis",
    "position": "Product manager",
    "master": 13
  }
},
{
  "model": "core.alumnustranslation",
  "pk": 13,
  "fields": {
    "language_code": "en",
    "full_name": "Mariia Lytvynenko",
    "text": "126 Information Systems and Technologies is a specialty that combines technical knowledge with business-oriented thinking,\" says Mariia Lytvynenko.\r\nShe began as a business analyst and now leads product teams at Genesis.\r\n\"My greatest pride is launching a mobile app that received over 1 million downloads. University taught me to find the balance between technology and user needs.",
    "major": "26 Information Systems and Technologies",
    "degree": "Master",
    "workplace": "Genesis",
    "position": "Product manager",
    "master": 13
  }
},
{
  "model": "core.alumnustranslation",
  "pk": 14,
  "fields": {
    "language_code": "uk",
    "full_name": "Сергій Коваленко",
    "text": "Моя спеціальність дала мені міцну математичну базу, без якої DevOps виглядав би хаотичним набором технологій\", – згадує Сергій Коваленко.\r\nВін відповідає за побудову CI/CD процесів і оптимізацію хмарних інфраструктур.\r\n\"Моє найбільше досягнення – це автоматизація деплойменту, яка скоротила час релізу з кількох годин до 15 хвилин. Саме такі речі роблять команду більш ефективною.",
    "major": "113 Прикладна математика",
    "degree": "Магістр",
    "workplace": "GlobalLogic",
    "position": "DevOps інженер",
    "master": 14
  }
},
{
  "model": "core.alumnustranslation",
  "pk": 15,
  "fields": {
    "language_code": "en",
    "full_name": "Serhii Kovalenko",
    "text": "My specialty gave me a strong mathematical foundation, without which DevOps would seem like a chaotic mix of technologies,\" recalls Serhii Kovalenko.\r\nHe is responsible for building CI/CD processes and optimizing cloud infrastructures.\r\n\"My biggest achievement was automating deployment, reducing release time from several hours to just 15 minutes. Things like that make the team much more efficient.",
    "major": "113 Applied Mathematics",
    "degree": "Master",
    "workplace": "GlobalLogic",
    "position": "DevOps Engineer",
    "master": 14
  }
},
{
  "model": "core.alumnustranslation",
  "pk": 16,
  "fields": {
    "language_code": "uk",
    "full_name": "Катерина Сидоренко",
    "text": "121 Інженерія програмного забезпечення – це моя пристрасть,\" – каже Катерина Сидоренко.\r\nЇї шлях почався з верстки сайтів, а нині вона створює масштабовані інтерфейси у компанії Wix.\r\n\"Найбільша радість для мене – бачити, як мільйони користувачів щодня взаємодіють із тим, що я створюю. Університет навчив не боятися складних задач.",
    "major": "121 Інженерія програмного забезпечення",
    "degree": "Магістр",
    "workplace": "Wix",
    "position": "Frontend розробник",
    "master": 15
  }
},
{
  "model": "core.alumnustranslation",
  "pk": 17,
  "fields": {
    "language_code": "en",
    "full_name": "Kateryna Sydorenko",
    "text": "121 Software Engineering is my passion,\" says Kateryna Sydorenko.\r\nShe started with website markup and now builds scalable interfaces at Wix.\r\n\"My greatest joy is seeing millions of users interact daily with what I create. University taught me not to fear complex tasks.",
    "major": "121 Software Engineering",
    "degree": "Master",
    "workplace": "Wix",
    "position": "Frontend developer",
    "master": 15
  }
},
{
  "model": "core.alumnustranslation",
  "pk": 18,
  "fields": {
    "language_code": "uk",
    "full_name": "Іван Гончар",
    "text": "Спеціальність 122 Комп’ютерні науки відкрила для мене світ штучного інтелекту\", – ділиться Іван Гончар.\r\nВін працює над NLP-моделями у Grammarly.\r\n\"Найскладніше завдання – це зробити штучний інтелект максимально близьким до людського розуміння мови. І саме фундаментальні знання з університету дозволяють вирішувати такі задачі.",
    "major": "122 Комп'ютерні науки",
    "degree": "Магістр",
    "workplace": "Grammarly",
    "position": "Machine Learning Engineer",
    "master": 16
  }
},
{
  "model": "core.alumnustranslation",
  "pk": 19,
  "fields": {
    "language_code": "en",
    "full_name": "Ivan Honchar",
    "text": "The 122 Computer Science program opened the world of artificial intelligence for me,\" shares Ivan Honchar.\r\nHe works on NLP models at Grammarly.\r\n\"The hardest challenge is to make AI as close as possible to human understanding of language. And it’s the fundamental knowledge from university that allows us to tackle such problems.",
    "major": "122 Computer Science",
    "degree": "Master",
    "workplace": "Grammarly",
    "position": "Machine Learning Engineer",
    "master": 16
  }
},
{
  "model": "core.alumnustranslation",
  "pk": 20,
  "fields": {
    "language_code": "uk",
    "full_name": "Наталія Петренко",
    "text": "126 Інформаційні системи та технології допомогли мені побачити зв’язок між бізнесом і технологіями\", – розповідає Наталія Петренко.\r\nСьогодні вона працює бізнес-аналітиком у Monobank.\r\n\"Найбільше задоволення приносить момент, коли твоя аналітика перетворюється на продукт, яким користуються тисячі людей. Університет навчив мене структурованому мисленню й аналітичному підходу.",
    "major": "126 Інформаційні системи і технології",
    "degree": "Бакалавр",
    "workplace": "Monobank",
    "position": "Buisness Analyst",
    "master": 17
  }
},
{
  "model": "core.alumnustranslation",
  "pk": 21,
  "fields": {
    "language_code": "en",
    "full_name": "Natalia Petrenko",
    "text": "126 Information Systems and Technologies helped me see the connection between business and technology,\" says Nataliia Petrenko.\r\nToday, she works as a Business Analyst at Monobank.\r\n\"The greatest satisfaction comes when your analysis turns into a product used by thousands of people. University taught me structured thinking and an analytical approach.",
    "major": "126 Information Systems and Technologies",
    "degree": "Bachelor",
    "workplace": "Monobank",
    "position": "Buisness Analyst",
    "master": 17
  }
},
{
  "model": "core.alumnus",
  "pk": 1,
  "fields": {
    "image": "alumnus/vitalik.jpg",
    "links": {
      "instagram": "https://docs.astral.sh/uv/getting-started/first-steps/"
    },
    "created_at": "2025-08-08T08:45:01.102Z",
    "date_of_graduation": "2026-06-04",
    "status": "PB"
  }
},
{
  "model": "core.alumnus",
  "pk": 2,
  "fields": {
    "image": "alumnus/vitalik_UeynY06.jpg",
    "links": null,
    "created_at": "2025-08-08T08:45:58.394Z",
    "date_of_graduation": "2025-08-08",
    "status": "DF"
  }
},
{
  "model": "core.alumnus",
  "pk": 3,
  "fields": {
    "image": "alumnus/chin-chila.jpg",
    "links": {
      "linkedin": "https://docs.astral.sh/uv/getting-started/first-steps/",
      "instagram": "https://docs.astral.sh/uv/getting-started/first-steps/"
    },
    "created_at": "2025-08-08T08:48:01.433Z",
    "date_of_graduation": "2023-10-12",
    "status": "DF"
  }
},
{
  "model": "core.alumnus",
  "pk": 10,
  "fields": {
    "image": "alumnus/student_vdy8iyX.jpg",
    "links": {
      "instagram": "https://docs.astral.sh/uv/getting-started/first-steps/"
    },
    "created_at": "2025-08-26T10:54:44.268Z",
    "date_of_graduation": "2025-08-01",
    "status": "PB"
  }
},
{
  "model": "core.alumnus",
  "pk": 11,
  "fields": {
    "image": "alumnus/vitalii.jpg",
    "links": {
      "instagram": "https://docs.astral.sh/uv/getting-started/first-steps/"
    },
    "created_at": "2025-08-26T10:57:55.483Z",
    "date_of_graduation": "2025-08-01",
    "status": "PB"
  }
},
{
  "model": "core.alumnus",
  "pk": 12,
  "fields": {
    "image": "alumnus/vitalii_krUGx85.jpg",
    "links": {
      "instagram": "https://docs.astral.sh/uv/getting-started/first-steps/"
    },
    "created_at": "2025-08-26T11:00:53.771Z",
    "date_of_graduation": "2025-08-01",
    "status": "PB"
  }
},
{
  "model": "core.alumnus",
  "pk": 13,
  "fields": {
    "image": "alumnus/vitalii_LstfJOs.jpg",
    "links": null,
    "created_at": "2025-08-26T11:02:47.291Z",
    "date_of_graduation": "2025-08-01",
    "status": "PB"
  }
},
{
  "model": "core.alumnus",
  "pk": 14,
  "fields": {
    "image": "alumnus/vitalii_biCKBFu.jpg",
    "links": null,
    "created_at": "2025-08-26T11:04:35.395Z",
    "date_of_graduation": "2025-08-01",
    "status": "PB"
  }
},
{
  "model": "core.alumnus",
  "pk": 15,
  "fields": {
    "image": "alumnus/vitalii_N0Xb8xs.jpg",
    "links": null,
    "created_at": "2025-08-26T11:06:15.789Z",
    "date_of_graduation": "2024-01-19",
    "status": "PB"
  }
},
{
  "model": "core.alumnus",
  "pk": 16,
  "fields": {
    "image": "alumnus/vitalii_ZvZ8YeW.jpg",
    "links": null,
    "created_at": "2025-08-26T11:09:28.280Z",
    "date_of_graduation": "2023-02-17",
    "status": "PB"
  }
},
{
  "model": "core.alumnus",
  "pk": 17,
  "fields": {
    "image": "alumnus/vitalii_GQBlDAh.jpg",
    "links": null,
    "created_at": "2025-08-26T11:11:43.582Z",
    "date_of_graduation": "2021-09-10",
    "status": "PB"
  }
},
{
  "model": "core.alumnislider",
  "pk": 1,
  "fields": {
    "image": "alumni-slider/photo_1_2025-08-07_09-47-11.jpg"
  }
},
{
  "model": "core.alumnislider",
  "pk": 2,
  "fields": {
    "image": "alumni-slider/photo_1_2025-08-07_09-47-24.jpg"
  }
},
{
  "model": "core.alumnislider",
  "pk": 3,
  "fields": {
    "image": "alumni-slider/photo_2_2025-08-07_09-47-11.jpg"
  }
},
{
  "model": "core.alumnislider",
  "pk": 4,
  "fields": {
    "image": "alumni-slider/photo_2_2025-08-07_09-47-24.jpg"
  }
},
{
  "model": "core.alumnislider",
  "pk": 5,
  "fields": {
    "image": "alumni-slider/photo_3_2025-08-07_09-47-11.jpg"
  }
},
{
  "model": "core.alumnislider",
  "pk": 6,
  "fields": {
    "image": "alumni-slider/photo_3_2025-08-07_09-47-24.jpg"
  }
},
{
  "model": "core.alumnislider",
  "pk": 7,
  "fields": {
    "image": "alumni-slider/photo_4_2025-08-07_09-47-11.jpg"
  }
},
{
  "model": "core.alumnislider",
  "pk": 8,
  "fields": {
    "image": "alumni-slider/photo_4_2025-08-07_09-47-24.jpg"
  }
},
{
  "model": "core.alumnislider",
  "pk": 9,
  "fields": {
    "image": "alumni-slider/photo_5_2025-08-07_09-47-11.jpg"
  }
},
{
  "model": "core.alumnislider",
  "pk": 10,
  "fields": {
    "image": "alumni-slider/photo_5_2025-08-07_09-47-24.jpg"
  }
},
{
  "model": "core.alumnislider",
  "pk": 11,
  "fields": {
    "image": "alumni-slider/photo_6_2025-08-07_09-47-11.jpg"
  }
},
{
  "model": "core.alumnislider",
  "pk": 12,
  "fields": {
    "image": "alumni-slider/photo_6_2025-08-07_09-47-24.jpg"
  }
},
{
  "model": "core.alumnislider",
  "pk": 13,
  "fields": {
    "image": "alumni-slider/photo_7_2025-08-07_09-47-11.jpg"
  }
},
{
  "model": "core.alumnislider",
  "pk": 14,
  "fields": {
    "image": "alumni-slider/photo_7_2025-08-07_09-47-24.jpg"
  }
},
{
  "model": "core.alumnislider",
  "pk": 15,
  "fields": {
    "image": "alumni-slider/photo_8_2025-08-07_09-47-11.jpg"
  }
},
{
  "model": "core.alumnislider",
  "pk": 16,
  "fields": {
    "image": "alumni-slider/photo_8_2025-08-07_09-47-24.jpg"
  }
},
{
  "model": "core.alumnislider",
  "pk": 17,
  "fields": {
    "image": "alumni-slider/photo_9_2025-08-07_09-47-11.jpg"
  }
},
{
  "model": "core.alumnislider",
  "pk": 18,
  "fields": {
    "image": "alumni-slider/photo_9_2025-08-07_09-47-24.jpg"
  }
},
{
  "model": "core.alumnislider",
  "pk": 19,
  "fields": {
    "image": "alumni-slider/photo_10_2025-08-07_09-47-11.jpg"
  }
},
{
  "model": "core.alumnislider",
  "pk": 20,
  "fields": {
    "image": "alumni-slider/photo_10_2025-08-07_09-47-24.jpg"
  }
},
{
  "model": "core.alumnislider",
  "pk": 21,
  "fields": {
    "image": "alumni-slider/photo_11_2025-08-07_09-47-24.jpg"
  }
},
{
  "model": "core.alumnislider",
  "pk": 22,
  "fields": {
    "image": "alumni-slider/photo_12_2025-08-07_09-47-24.jpg"
  }
},
{
  "model": "core.alumnislider",
  "pk": 23,
  "fields": {
    "image": "alumni-slider/photo_13_2025-08-07_09-47-24.jpg"
  }
},
{
  "model": "core.alumnislider",
  "pk": 24,
  "fields": {
    "image": "alumni-slider/photo_14_2025-08-07_09-47-24.jpg"
  }
},
{
  "model": "core.alumnislider",
  "pk": 25,
  "fields": {
    "image": "alumni-slider/photo_15_2025-08-07_09-47-24.jpg"
  }
},
{
  "model": "core.alumnislider",
  "pk": 26,
  "fields": {
    "image": "alumni-slider/photo_16_2025-08-07_09-47-24.jpg"
  }
},
{
  "model": "core.alumnislider",
  "pk": 27,
  "fields": {
    "image": "alumni-slider/photo_17_2025-08-07_09-47-24.jpg"
  }
},
{
  "model": "core.alumnislider",
  "pk": 28,
  "fields": {
    "image": "alumni-slider/photo_18_2025-08-07_09-47-24.jpg"
  }
},
{
  "model": "core.alumnislider",
  "pk": 29,
  "fields": {
    "image": "alumni-slider/photo_19_2025-08-07_09-47-24.jpg"
  }
},
{
  "model": "core.alumnislider",
  "pk": 30,
  "fields": {
    "image": "alumni-slider/photo_20_2025-08-07_09-47-24.jpg"
  }
},
{
  "model": "core.alumnislider",
  "pk": 31,
  "fields": {
    "image": "alumni-slider/photo_21_2025-08-07_09-47-24.jpg"
  }
},
{
  "model": "core.alumnislider",
  "pk": 32,
  "fields": {
    "image": "alumni-slider/photo_22_2025-08-07_09-47-24.jpg"
  }
},
{
  "model": "core.alumnislider",
  "pk": 33,
  "fields": {
    "image": "alumni-slider/photo_23_2025-08-07_09-47-24.jpg"
  }
},
{
  "model": "core.alumnislider",
  "pk": 34,
  "fields": {
    "image": "alumni-slider/photo_24_2025-08-07_09-47-24.jpg"
  }
},
{
  "model": "core.alumnislider",
  "pk": 35,
  "fields": {
    "image": "alumni-slider/photo_25_2025-08-07_09-47-24.jpg"
  }
},
{
  "model": "core.alumnislider",
  "pk": 36,
  "fields": {
    "image": "alumni-slider/photo_26_2025-08-07_09-47-24.jpg"
  }
},
{
  "model": "core.alumnislider",
  "pk": 37,
  "fields": {
    "image": "alumni-slider/photo_27_2025-08-07_09-47-24.jpg"
  }
},
{
  "model": "core.alumnislider",
  "pk": 38,
  "fields": {
    "image": "alumni-slider/photo_28_2025-08-07_09-47-24.jpg"
  }
},
{
  "model": "core.alumnislider",
  "pk": 39,
  "fields": {
    "image": "alumni-slider/photo_29_2025-08-07_09-47-24.jpg"
  }
},
{
  "model": "core.alumnislider",
  "pk": 40,
  "fields": {
    "image": "alumni-slider/photo_30_2025-08-07_09-47-24.jpg"
  }
},
{
  "model": "core.alumnislider",
  "pk": 41,
  "fields": {
    "image": "alumni-slider/photo_31_2025-08-07_09-47-24.jpg"
  }
},
{
  "model": "core.alumnislider",
  "pk": 42,
  "fields": {
    "image": "alumni-slider/photo_32_2025-08-07_09-47-24.jpg"
  }
},
{
  "model": "core.alumnislider",
  "pk": 43,
  "fields": {
    "image": "alumni-slider/photo_33_2025-08-07_09-47-24.jpg"
  }
},
{
  "model": "core.alumnislider",
  "pk": 44,
  "fields": {
    "image": "alumni-slider/photo_34_2025-08-07_09-47-24.jpg"
  }
},
{
  "model": "core.alumnislider",
  "pk": 45,
  "fields": {
    "image": "alumni-slider/photo_35_2025-08-07_09-47-24.jpg"
  }
},
{
  "model": "core.alumnislider",
  "pk": 46,
  "fields": {
    "image": "alumni-slider/photo_36_2025-08-07_09-47-24.jpg"
  }
},
{
  "model": "events.eventcategorytranslation",
  "pk": 1,
  "fields": {
    "language_code": "uk",
    "name": "Новини",
    "master": 1
  }
},
{
  "model": "events.eventcategorytranslation",
  "pk": 2,
  "fields": {
    "language_code": "en",
    "name": "News",
    "master": 1
  }
},
{
  "model": "events.eventcategorytranslation",
  "pk": 3,
  "fields": {
    "language_code": "uk",
    "name": "Публікації",
    "master": 2
  }
},
{
  "model": "events.eventcategorytranslation",
  "pk": 4,
  "fields": {
    "language_code": "en",
    "name": "Publications",
    "master": 2
  }
},
{
  "model": "events.eventcategorytranslation",
  "pk": 5,
  "fields": {
    "language_code": "uk",
    "name": "Події",
    "master": 3
  }
},
{
  "model": "events.eventcategorytranslation",
  "pk": 6,
  "fields": {
    "language_code": "en",
    "name": "Events",
    "master": 3
  }
},
{
  "model": "events.eventcategory",
  "pk": 1,
  "fields": {
    "rgb_color": "(59,130,246,0.15)",
    "created_at": "2026-05-31T09:35:18.707Z"
  }
},
{
  "model": "events.eventcategory",
  "pk": 2,
  "fields": {
    "rgb_color": "(168,85,247,0.15)",
    "created_at": "2026-05-31T09:35:18.730Z"
  }
},
{
  "model": "events.eventcategory",
  "pk": 3,
  "fields": {
    "rgb_color": "(34,197,94,0.15)",
    "created_at": "2026-05-31T09:35:18.742Z"
  }
},
{
  "model": "events.eventtranslation",
  "pk": 1,
  "fields": {
    "language_code": "uk",
    "title": "ННКІТІ отримав грант на розвиток цифрової інфраструктури",
    "body": "Інститут комп'ютерних та інноваційних технологій отримав фінансування у розмірі 2 мільйони гривень на оновлення комп'ютерних лабораторій та впровадження сучасного програмного забезпечення.",
    "master": 1
  }
},
{
  "model": "events.eventtranslation",
  "pk": 2,
  "fields": {
    "language_code": "en",
    "title": "NNKITI Receives Grant for Digital Infrastructure Development",
    "body": "The Institute of Computer and Innovative Technologies has received funding of 2 million hryvnias for upgrading computer laboratories and implementing modern software.",
    "master": 1
  }
},
{
  "model": "events.eventtranslation",
  "pk": 3,
  "fields": {
    "language_code": "uk",
    "title": "Підписано угоду про співпрацю з провідними IT-компаніями України",
    "body": "ННКІТІ підписав угоди про академічне партнерство з компаніями SoftServe, EPAM та Intellias. Студенти матимуть можливість проходити стажування та отримувати практичний досвід.",
    "master": 2
  }
},
{
  "model": "events.eventtranslation",
  "pk": 4,
  "fields": {
    "language_code": "en",
    "title": "Cooperation Agreement Signed with Leading Ukrainian IT Companies",
    "body": "NNKITI has signed academic partnership agreements with SoftServe, EPAM and Intellias. Students will have the opportunity to complete internships and gain practical experience.",
    "master": 2
  }
},
{
  "model": "events.eventtranslation",
  "pk": 5,
  "fields": {
    "language_code": "uk",
    "title": "Студенти ННКІТІ здобули перемогу на Всеукраїнській олімпіаді з програмування",
    "body": "Команда студентів нашого інституту посіла перше місце на Всеукраїнській студентській олімпіаді з програмування. Змагання відбулись у Харківському національному університеті.",
    "master": 3
  }
},
{
  "model": "events.eventtranslation",
  "pk": 6,
  "fields": {
    "language_code": "en",
    "title": "NNKITI Students Win All-Ukrainian Programming Olympiad",
    "body": "A team of students from our institute took first place at the All-Ukrainian Student Programming Olympiad. The competition was held at Kharkiv National University.",
    "master": 3
  }
},
{
  "model": "events.eventtranslation",
  "pk": 7,
  "fields": {
    "language_code": "uk",
    "title": "Методи машинного навчання у задачах прикладної математики",
    "body": "## Анотація\n\nУ статті розглянуто застосування методів машинного навчання для розв'язання задач математичного моделювання. Проведено порівняльний аналіз класичних та сучасних підходів.\n\n**Автори:** Тадеєв П.О., Іващук Я.Г.\n\n**Журнал:** Вісник НУВГП, 2025",
    "master": 4
  }
},
{
  "model": "events.eventtranslation",
  "pk": 8,
  "fields": {
    "language_code": "en",
    "title": "Machine Learning Methods in Applied Mathematics Problems",
    "body": "## Abstract\n\nThis paper examines the application of machine learning methods for solving mathematical modeling problems. A comparative analysis of classical and modern approaches is conducted.\n\n**Authors:** Tadeyev P.O., Ivashchuk Y.H.\n\n**Journal:** Bulletin of NUWM, 2025",
    "master": 4
  }
},
{
  "model": "events.eventtranslation",
  "pk": 9,
  "fields": {
    "language_code": "uk",
    "title": "Чисельні методи розв'язання диференціальних рівнянь з частинними похідними",
    "body": "## Анотація\n\nДосліджено ефективність різних чисельних схем для розв'язання диференціальних рівнянь з частинними похідними. Запропоновано новий підхід на основі адаптивних сіток.\n\n**Автори:** Дейнека О.Ю., Самолюк І.В.\n\n**Журнал:** Математичне моделювання, 2025",
    "master": 5
  }
},
{
  "model": "events.eventtranslation",
  "pk": 10,
  "fields": {
    "language_code": "en",
    "title": "Numerical Methods for Solving Partial Differential Equations",
    "body": "## Abstract\n\nThe efficiency of various numerical schemes for solving partial differential equations is investigated. A new approach based on adaptive grids is proposed.\n\n**Authors:** Deineka O.Y., Samoliuk I.V.\n\n**Journal:** Mathematical Modeling, 2025",
    "master": 5
  }
},
{
  "model": "events.eventtranslation",
  "pk": 11,
  "fields": {
    "language_code": "uk",
    "title": "Оптимізаційні алгоритми в задачах комп'ютерного моделювання",
    "body": "## Анотація\n\nРозглянуто сучасні оптимізаційні алгоритми та їх застосування у задачах комп'ютерного моделювання фізичних процесів. Проведено чисельні експерименти.\n\n**Автори:** Цецик С.П., Чухрай З.Б.\n\n**Журнал:** Прикладна математика, 2025",
    "master": 6
  }
},
{
  "model": "events.eventtranslation",
  "pk": 12,
  "fields": {
    "language_code": "en",
    "title": "Optimization Algorithms in Computer Simulation Problems",
    "body": "## Abstract\n\nModern optimization algorithms and their application in computer simulation of physical processes are considered. Numerical experiments were conducted.\n\n**Authors:** Tsetsyk S.P., Chukhrai Z.B.\n\n**Journal:** Applied Mathematics, 2025",
    "master": 6
  }
},
{
  "model": "events.eventtranslation",
  "pk": 13,
  "fields": {
    "language_code": "uk",
    "title": "Міжнародна конференція з прикладної математики та комп'ютерних наук",
    "body": "## Про подію\n\nЗапрошуємо студентів та викладачів взяти участь у щорічній міжнародній конференції. До програми входять пленарні доповіді, секційні засідання та воркшопи.\n\n**Реєстрація:** до 1 жовтня 2025 року\n\n**Мова:** українська, англійська",
    "master": 7
  }
},
{
  "model": "events.eventtranslation",
  "pk": 14,
  "fields": {
    "language_code": "en",
    "title": "International Conference on Applied Mathematics and Computer Science",
    "body": "## About the Event\n\nWe invite students and faculty to participate in the annual international conference. The program includes plenary lectures, section sessions and workshops.\n\n**Registration:** until October 1, 2025\n\n**Language:** Ukrainian, English",
    "master": 7
  }
},
{
  "model": "events.eventtranslation",
  "pk": 15,
  "fields": {
    "language_code": "uk",
    "title": "День відкритих дверей ННКІТІ",
    "body": "## Запрошуємо абітурієнтів!\n\nДень відкритих дверей — чудова можливість познайомитись з інститутом, поспілкуватись з викладачами та дізнатись про умови вступу.\n\n**Програма:**\n- Презентація спеціальностей\n- Екскурсія лабораторіями\n- Зустріч зі студентами\n- Q&A сесія",
    "master": 8
  }
},
{
  "model": "events.eventtranslation",
  "pk": 16,
  "fields": {
    "language_code": "en",
    "title": "NNKITI Open Day",
    "body": "## Welcome, Applicants!\n\nOpen Day is a great opportunity to get acquainted with the institute, talk with faculty and learn about admission requirements.\n\n**Program:**\n- Specialties presentation\n- Laboratory tour\n- Meeting with students\n- Q&A session",
    "master": 8
  }
},
{
  "model": "events.eventtranslation",
  "pk": 17,
  "fields": {
    "language_code": "uk",
    "title": "Олімпіада з математики серед студентів першого курсу",
    "body": "## Умови участі\r\n\r\nДо участі запрошуються всі студенти першого курсу інституту. Завдання складатимуться з розділів вищої математики, теорії ймовірностей та математичної статистики.\r\n\r\n**Призи:** грамоти та цінні подарунки\r\n![](/media/editor/wot1_20260531093924476066.jpg)\r\n**Реєстрація:** у деканаті до 20 листопада\r\n![](/media/editor/wot2_20260531093947300802.jpg)",
    "master": 9
  }
},
{
  "model": "events.eventtranslation",
  "pk": 18,
  "fields": {
    "language_code": "en",
    "title": "Mathematics Olympiad for First-Year Students",
    "body": "## Participation Requirements\n\nAll first-year students of the institute are invited to participate. Tasks will cover higher mathematics, probability theory and mathematical statistics.\n\n**Prizes:** certificates and valuable gifts\n\n**Registration:** at the dean's office until November 20",
    "master": 9
  }
},
{
  "model": "events.event",
  "pk": 1,
  "fields": {
    "slug": "nnkiti-otrimav-grant-na-rozvitok-tsifrovoyi-infrastrukturi-1",
    "cover": "",
    "event_date": null,
    "location": "",
    "category": 1,
    "status": "PB",
    "created_at": "2026-05-31T09:36:06.913Z",
    "updated_at": "2026-05-31T09:36:06.935Z"
  }
},
{
  "model": "events.event",
  "pk": 2,
  "fields": {
    "slug": "pidpisano-ugodu-pro-spivpratsiu-z-providnimi-it-kompaniiami-ukrayini-2",
    "cover": "",
    "event_date": null,
    "location": "",
    "category": 1,
    "status": "PB",
    "created_at": "2026-05-31T09:36:06.940Z",
    "updated_at": "2026-05-31T09:36:06.951Z"
  }
},
{
  "model": "events.event",
  "pk": 3,
  "fields": {
    "slug": "studenti-nnkiti-zdobuli-peremogu-na-vseukrayinskii-olimpiadi-z-programuvannia-3",
    "cover": "",
    "event_date": null,
    "location": "",
    "category": 1,
    "status": "PB",
    "created_at": "2026-05-31T09:36:06.956Z",
    "updated_at": "2026-05-31T09:36:06.966Z"
  }
},
{
  "model": "events.event",
  "pk": 4,
  "fields": {
    "slug": "metodi-mashinnogo-navchannia-u-zadachakh-prikladnoyi-matematiki-4",
    "cover": "",
    "event_date": null,
    "location": "",
    "category": 2,
    "status": "PB",
    "created_at": "2026-05-31T09:36:06.971Z",
    "updated_at": "2026-05-31T09:36:06.983Z"
  }
},
{
  "model": "events.event",
  "pk": 5,
  "fields": {
    "slug": "chiselni-metodi-rozviazannia-diferentsialnikh-rivnian-z-chastinnimi-pokhidnimi-5",
    "cover": "",
    "event_date": null,
    "location": "",
    "category": 2,
    "status": "PB",
    "created_at": "2026-05-31T09:36:06.987Z",
    "updated_at": "2026-05-31T09:36:06.998Z"
  }
},
{
  "model": "events.event",
  "pk": 6,
  "fields": {
    "slug": "optimizatsiini-algoritmi-v-zadachakh-kompiuternogo-modeliuvannia-6",
    "cover": "",
    "event_date": null,
    "location": "",
    "category": 2,
    "status": "PB",
    "created_at": "2026-05-31T09:36:07.002Z",
    "updated_at": "2026-05-31T09:36:07.013Z"
  }
},
{
  "model": "events.event",
  "pk": 7,
  "fields": {
    "slug": "mizhnarodna-konferentsiia-z-prikladnoyi-matematiki-ta-kompiuternikh-nauk-7",
    "cover": "",
    "event_date": "2025-10-15",
    "location": "НУВГП, корп. №1, ауд. 201",
    "category": 3,
    "status": "PB",
    "created_at": "2026-05-31T09:36:07.017Z",
    "updated_at": "2026-05-31T09:36:07.029Z"
  }
},
{
  "model": "events.event",
  "pk": 8,
  "fields": {
    "slug": "den-vidkritikh-dverei-nnkiti-8",
    "cover": "",
    "event_date": "2025-11-08",
    "location": "НУВГП, корп. №1",
    "category": 3,
    "status": "PB",
    "created_at": "2026-05-31T09:36:07.033Z",
    "updated_at": "2026-05-31T09:36:07.044Z"
  }
},
{
  "model": "events.event",
  "pk": 9,
  "fields": {
    "slug": "olimpiada-z-matematiki-sered-studentiv-pershogo-kursu-9",
    "cover": "",
    "event_date": "2025-11-25",
    "location": "НУВГП, корп. №1, ауд. 134",
    "category": 3,
    "status": "PB",
    "created_at": "2026-05-31T09:36:07.049Z",
    "updated_at": "2026-05-31T09:42:32.746Z"
  }
},
{
  "model": "departments.facultymember",
  "pk": 1,
  "fields": {
    "department": 1,
    "name_uk": "Цецик Світлана Петрівна",
    "name_en": "Tsetsyk Svitlana Petrivna",
    "role_uk": "Доцент",
    "role_en": "Associate Professor",
    "specialty_uk": "",
    "specialty_en": "",
    "image": "faculty/цецик.jpg",
    "email": "s.p.tsetsyk@nuwm.edu.ua",
    "audience": "134"
  }
},
{
  "model": "departments.facultymember",
  "pk": 2,
  "fields": {
    "department": 1,
    "name_uk": "Кушнір Валентина Петрівна",
    "name_en": "Kushnir Valentyna Petrivna",
    "role_uk": "Доцент",
    "role_en": "Associate Professor",
    "specialty_uk": "",
    "specialty_en": "",
    "image": "faculty/валя_кушнір.jpg",
    "email": "v.p.kushnir@nuwm.edu.ua",
    "audience": "134"
  }
},
{
  "model": "departments.facultymember",
  "pk": 3,
  "fields": {
    "department": 1,
    "name_uk": "Чухрай Зоряна Борисівна",
    "name_en": "Chukhrai Zoryana Borysivna",
    "role_uk": "Доцент",
    "role_en": "Associate Professor",
    "specialty_uk": "",
    "specialty_en": "",
    "image": "faculty/чухрай.png",
    "email": "z.b.chukhrai@nuwm.edu.ua",
    "audience": "134"
  }
},
{
  "model": "departments.facultymember",
  "pk": 4,
  "fields": {
    "department": 1,
    "name_uk": "Дейнека Олег Юрійович",
    "name_en": "Deineka Oleh Yuriiovych",
    "role_uk": "Доцент",
    "role_en": "Associate Professor",
    "specialty_uk": "",
    "specialty_en": "",
    "image": "faculty/денека.jpg",
    "email": "o.yu.dejneka@nuwm.edu.ua",
    "audience": "134"
  }
},
{
  "model": "departments.facultymember",
  "pk": 5,
  "fields": {
    "department": 1,
    "name_uk": "Іващук Яків Григорович",
    "name_en": "Ivashchuk Yakiv Hryhorovych",
    "role_uk": "Доцент",
    "role_en": "Associate Professor",
    "specialty_uk": "",
    "specialty_en": "",
    "image": "faculty/іващук.jpg",
    "email": "ya.h.ivashchuk@nuwm.edu.ua",
    "audience": "134"
  }
},
{
  "model": "departments.facultymember",
  "pk": 6,
  "fields": {
    "department": 1,
    "name_uk": "Самолюк Ірина Василівна",
    "name_en": "Samoliuk Iryna Vasylivna",
    "role_uk": "Асистент",
    "role_en": "Assistant",
    "specialty_uk": "",
    "specialty_en": "",
    "image": "faculty/самолюк.jpg",
    "email": "i.v.samolyuk@nuwm.edu.ua",
    "audience": "134"
  }
},
{
  "model": "departments.departmenthistory",
  "pk": 1,
  "fields": {
    "department": 1,
    "year": "1959–1972",
    "text_uk": "Становлення кафедри. Першим завідувачем був Подшевкін Ю. В., канд. фіз.-мат. наук, доцент.",
    "text_en": "Formation of the department. First head: Podshevkin Yu. V., Cand. Sci., associate professor.",
    "order": 1
  }
},
{
  "model": "departments.departmenthistory",
  "pk": 2,
  "fields": {
    "department": 1,
    "year": "1972–1984",
    "text_uk": "Розвиток кафедри. Кількість кандидатів наук зросла з трьох до чотирнадцяти. Кафедра активно виконує наукову роботу на замовлення підприємств. Очолював канд. техн. наук, доц. Антонюк Р. А.",
    "text_en": "Development of the department. Number of PhD holders grew from 3 to 14. Headed by Assoc. Prof. Antonyuk R. A.",
    "order": 2
  }
},
{
  "model": "departments.departmenthistory",
  "pk": 3,
  "fields": {
    "department": 1,
    "year": "1984–2012",
    "text_uk": "Активне зростання кафедри в науковому та науково-методичному напрямах. Очолювали: Слюсарчук В. Ю. (член-кореспондент НАН України, д-р фіз.-мат. наук) та Ярмуш Я. І. (канд. фіз.-мат. наук, доц.)",
    "text_en": "Active growth in scientific directions. Headed by Slyusarchuk V. Yu. (Corresponding member of NAS of Ukraine) and Yarmush Ya. I.",
    "order": 3
  }
},
{
  "model": "departments.departmenthistory",
  "pk": 4,
  "fields": {
    "department": 1,
    "year": "2012–2025",
    "text_uk": "Кафедра досягає визначних наукових здобутків, активно веде роботу з обдарованою молоддю. Започатковано ОП «Комп'ютерне та математичне моделювання». Очолює канд. фіз.-мат. наук, д-р пед. наук, проф. Тадеєв П. О.",
    "text_en": "Department achieves significant scientific results. Launched program 'Computer and Mathematical Modelling'. Headed by Prof. Tadeyev P. O.",
    "order": 4
  }
},
{
  "model": "departments.departmenthistory",
  "pk": 5,
  "fields": {
    "department": 1,
    "year": "2025–2026",
    "text_uk": "Ініційовано започаткування нової ОП «Комп'ютерне та математичне моделювання» спеціальності «Прикладна математика».",
    "text_en": "Initiated launch of new program 'Computer and Mathematical Modelling' in Applied Mathematics specialty.",
    "order": 5
  }
},
{
  "model": "departments.departmenthistory",
  "pk": 6,
  "fields": {
    "department": 2,
    "year": "1997",
    "text_uk": "Створення кафедри «Інформаційних систем та математичного моделювання». Очолив д-р техн. наук, проф. Власюк Анатолій Павлович.",
    "text_en": "Establishment of the department. Headed by Dr. Vlasyuk Anatoliy Pavlovych.",
    "order": 0
  }
},
{
  "model": "departments.departmenthistory",
  "pk": 7,
  "fields": {
    "department": 2,
    "year": "1999",
    "text_uk": "Ліцензовано спеціальність «Прикладна математика». Кафедру перейменовано на кафедру прикладної математики.",
    "text_en": "Licensed specialty Applied Mathematics. Department renamed to Applied Mathematics.",
    "order": 1
  }
},
{
  "model": "departments.departmenthistory",
  "pk": 8,
  "fields": {
    "department": 2,
    "year": "2013",
    "text_uk": "Започатковано спеціальність «Інформатика». Кафедру очолив канд. фіз.-мат. наук, доц. Турбал Юрій Васильович.",
    "text_en": "Launched Computer Science specialty. Headed by Assoc. Prof. Turbal Yuriy Vasyliovych.",
    "order": 2
  }
},
{
  "model": "departments.departmenthistory",
  "pk": 9,
  "fields": {
    "department": 2,
    "year": "2017",
    "text_uk": "Започатковано ОП «Інтернет речей» та ОП доктора філософії зі спеціальності «Комп'ютерні науки». Завідувачем обрано д-ра техн. наук, доц. Мартинюка Петра Миколайовича.",
    "text_en": "Launched Internet of Things and PhD in Computer Science programs. Headed by Dr. Martynyuk Petro Mykolayovych.",
    "order": 3
  }
},
{
  "model": "departments.departmenthistory",
  "pk": 10,
  "fields": {
    "department": 2,
    "year": "2019",
    "text_uk": "Кафедру перейменовано на кафедру комп'ютерних наук та прикладної математики.",
    "text_en": "Department renamed to Computer Science and Applied Mathematics.",
    "order": 4
  }
},
{
  "model": "departments.departmenthistory",
  "pk": 11,
  "fields": {
    "department": 2,
    "year": "2020",
    "text_uk": "Кафедру знову очолив д-р техн. наук, проф. Турбал Юрій Васильович. Утворено декілька лабораторій.",
    "text_en": "Headed again by Prof. Turbal Yuriy Vasyliovych. Several labs established.",
    "order": 5
  }
},
{
  "model": "departments.departmenthistory",
  "pk": 12,
  "fields": {
    "department": 2,
    "year": "2025",
    "text_uk": "Започатковано ОП «Інженерія даних» в межах спеціальності «Системний аналіз та наука про дані».",
    "text_en": "Launched Data Engineering program within Systems Analysis and Data Science specialty.",
    "order": 6
  }
},
{
  "model": "departments.departmenthistory",
  "pk": 13,
  "fields": {
    "department": 3,
    "year": "2013",
    "text_uk": "Створена кафедра економічної кібернетики. Очолив проф. Грицюк Петро Михайлович.",
    "text_en": "Department of Economic Cybernetics established. Headed by Prof. Hrytsiuk Petro Mykhaylovych.",
    "order": 0
  }
},
{
  "model": "departments.departmenthistory",
  "pk": 14,
  "fields": {
    "department": 3,
    "year": "2016",
    "text_uk": "Створення кафедри комп'ютерних наук. Очолив проф. Тулашвілі Юрій Йосипович. Започатковано ОП «Інформаційні системи і технології».",
    "text_en": "Department of Computer Science established. Headed by Prof. Tulashvili Yuriy. Launched Information Systems and Technologies program.",
    "order": 1
  }
},
{
  "model": "departments.departmenthistory",
  "pk": 15,
  "fields": {
    "department": 3,
    "year": "2017",
    "text_uk": "На кафедрі економічної кібернетики започатковано магістерську ОП «Інформаційні технології в бізнесі».",
    "text_en": "Master's program Information Technologies in Business launched.",
    "order": 2
  }
},
{
  "model": "departments.departmenthistory",
  "pk": 16,
  "fields": {
    "department": 3,
    "year": "2019",
    "text_uk": "Створено кафедру комп'ютерних технологій та економічної кібернетики. Очолив проф. Грицюк Петро Михайлович.",
    "text_en": "Department of Computer Technologies and Economic Cybernetics formed by merging two departments. Headed by Prof. Hrytsiuk.",
    "order": 3
  }
},
{
  "model": "departments.departmenthistory",
  "pk": 17,
  "fields": {
    "department": 4,
    "year": "1966",
    "text_uk": "Створення кафедри обчислювальної математики внаслідок поділу кафедри вищої математики.",
    "text_en": "Department of Computational Mathematics established by splitting from Higher Mathematics.",
    "order": 0
  }
},
{
  "model": "departments.departmenthistory",
  "pk": 18,
  "fields": {
    "department": 4,
    "year": "1980",
    "text_uk": "Відокремлення інформаційно-обчислювального центру від кафедри, який почав функціонувати автономно.",
    "text_en": "The computing center separated from the department and began operating autonomously.",
    "order": 1
  }
},
{
  "model": "departments.departmenthistory",
  "pk": 19,
  "fields": {
    "department": 4,
    "year": "1997",
    "text_uk": "Поділ кафедри обчислювальної математики й утворення кафедри інформаційних систем та математичного моделювання (нині КНПМ).",
    "text_en": "Department split, forming the Department of Information Systems and Mathematical Modelling (now KNPM).",
    "order": 2
  }
},
{
  "model": "departments.departmenthistory",
  "pk": 20,
  "fields": {
    "department": 4,
    "year": "2013",
    "text_uk": "Ліцензування спеціальності «Комп'ютерна інженерія». Кафедру перейменовано на кафедру обчислювальної техніки. Завідувачем призначено доц. Круліковського Бориса Борисовича.",
    "text_en": "Licensed Computer Engineering specialty. Renamed to Department of Computer Engineering. Headed by Assoc. Prof. Krulikovsky Borys Borysovych.",
    "order": 3
  }
},
{
  "model": "departments.departmenthistory",
  "pk": 21,
  "fields": {
    "department": 4,
    "year": "2023",
    "text_uk": "Започатковано нову ОП «Інформаційна безпека» в межах спеціальності «Кібербезпека та захист інформації».",
    "text_en": "Launched Information Security program within Cybersecurity and Information Protection specialty.",
    "order": 4
  }
},
{
  "model": "departments.departmenthistory",
  "pk": 22,
  "fields": {
    "department": 4,
    "year": "2024",
    "text_uk": "Успішна акредитація ОП бакалаврського та магістерського рівня спеціальності «Комп'ютерна інженерія». В. о. завідувача: доц. Сидор Андрій Іванович.",
    "text_en": "Successful accreditation of Bachelor's and Master's programs in Computer Engineering. Acting Head: Assoc. Prof. Sydor Andriy Ivanovych.",
    "order": 5
  }
},
{
  "model": "departments.departmenthistory",
  "pk": 23,
  "fields": {
    "department": 4,
    "year": "2025",
    "text_uk": "Завідувачем кафедри обрано канд. техн. наук, доц. Сидора Андрія Івановича.",
    "text_en": "Assoc. Prof. Sydor Andriy Ivanovych elected as Head of Department.",
    "order": 6
  }
},
{
  "model": "departments.departmenttranslation",
  "pk": 1,
  "fields": {
    "language_code": "uk",
    "name": "Вищої математики",
    "description": "Кафедра вищої математики — базовий підрозділ ННКІТІ, що забезпечує математичну підготовку студентів усіх спеціальностей інституту. Викладачі кафедри мають значний досвід науково-педагогічної роботи і провадять дослідження у сфері прикладної математики, чисельних методів та математичного моделювання.",
    "address": "м. Рівне, вул. Соборна, 11, корпус №1",
    "master": 1
  }
},
{
  "model": "departments.departmenttranslation",
  "pk": 2,
  "fields": {
    "language_code": "en",
    "name": "Higher Mathematics",
    "description": "The Department of Higher Mathematics is a core unit of NNKITI, providing mathematical training for students of all institute specialties. Faculty members have extensive experience in academic and research work, conducting research in applied mathematics, numerical methods, and mathematical modeling.",
    "address": "Rivne, Soborna St., 11, building No. 1",
    "master": 1
  }
},
{
  "model": "departments.departmenttranslation",
  "pk": 3,
  "fields": {
    "language_code": "uk",
    "name": "Комп'ютерних наук та прикладної математики",
    "description": "Кафедра комп'ютерних наук та прикладної математики (КНПМ) — провідна кафедра інституту, що готує фахівців у галузі прикладної математики, інженерії програмного забезпечення, комп'ютерних наук та інженерії даних. На кафедрі діє SoftServe Lab та спеціалізовані лабораторії з IoT, інженерії програмного забезпечення та прогнозної аналітики.",
    "address": "м. Рівне, вул. Соборна, 11, корп. 1",
    "master": 2
  }
},
{
  "model": "departments.departmenttranslation",
  "pk": 4,
  "fields": {
    "language_code": "en",
    "name": "Computer Science and Applied Mathematics",
    "description": "The Department of Computer Science and Applied Mathematics (KNPM) is the leading department of the institute, training specialists in applied mathematics, software engineering, computer science and data engineering. The department hosts SoftServe Lab and specialized labs in IoT, software engineering and predictive analytics.",
    "address": "11 Soborna St., Rivne, Building 1",
    "master": 2
  }
},
{
  "model": "departments.departmenttranslation",
  "pk": 5,
  "fields": {
    "language_code": "uk",
    "name": "Комп'ютерних технологій та економічної кібернетики",
    "description": "Кафедра комп'ютерних технологій та економічної кібернетики (КТЕК) готує фахівців у галузі інформаційних систем і технологій, прикладної інформатики та цифрових технологій дистанційної освіти.",
    "address": "м. Рівне, вул. Соборна, 11",
    "master": 3
  }
},
{
  "model": "departments.departmenttranslation",
  "pk": 6,
  "fields": {
    "language_code": "en",
    "name": "Computer Technologies and Economic Cybernetics",
    "description": "The Department of Computer Technologies and Economic Cybernetics (KTEK) trains specialists in information systems and technologies, applied informatics and digital technologies for distance education.",
    "address": "11 Soborna St., Rivne",
    "master": 3
  }
},
{
  "model": "departments.departmenttranslation",
  "pk": 7,
  "fields": {
    "language_code": "uk",
    "name": "Обчислювальної техніки",
    "description": "Кафедра обчислювальної техніки (КОТ) — одна з найстаріших кафедр інституту, заснована у 1966 році. Готує фахівців зі спеціальностей «Комп'ютерна інженерія» та «Кібербезпека та захист інформації».",
    "address": "м. Рівне, вул. Соборна, 11",
    "master": 4
  }
},
{
  "model": "departments.departmenttranslation",
  "pk": 8,
  "fields": {
    "language_code": "en",
    "name": "Computer Engineering",
    "description": "The Department of Computer Engineering (KOT) is one of the oldest departments, founded in 1966. It trains specialists in Computer Engineering and Cybersecurity.",
    "address": "11 Soborna St., Rivne",
    "master": 4
  }
},
{
  "model": "departments.department",
  "pk": 1,
  "fields": {
    "email": "kaf-vm@nuwm.edu.ua",
    "image": "departments/main_кафедра.jpg",
    "history_image": "departments/history/фото_на_секцію_історія_кафедри.jpg",
    "room": "134"
  }
},
{
  "model": "departments.department",
  "pk": 2,
  "fields": {
    "email": "knpm@nuwm.edu.ua",
    "image": "",
    "history_image": "",
    "room": "356"
  }
},
{
  "model": "departments.department",
  "pk": 3,
  "fields": {
    "email": "ktek@nuwm.edu.ua",
    "image": "",
    "history_image": "",
    "room": ""
  }
},
{
  "model": "departments.department",
  "pk": 4,
  "fields": {
    "email": "kot@nuwm.edu.ua",
    "image": "",
    "history_image": "",
    "room": ""
  }
},
{
  "model": "departments.headofdepartment",
  "pk": 1,
  "fields": {
    "department": 1,
    "full_name_uk": "Тадеєв Петро Олександрович",
    "full_name_en": "Tadeyev Petro Oleksandrovych",
    "regalia_uk": "Завідувач кафедри",
    "regalia_en": "Head of Department",
    "email": "p.o.tadeyev@nuwm.edu.ua",
    "audience": "130, 134",
    "image": "head_of_department/тадеєв.jpg"
  }
},
{
  "model": "departments.educationalprogramtranslation",
  "pk": 1,
  "fields": {
    "language_code": "uk",
    "name": "Прикладна математика",
    "description": "Освітня програма з прикладної математики готує фахівців у галузі математичного моделювання, чисельних методів та комп'ютерного аналізу даних.",
    "degree": "Бакалавр",
    "form": "Денна, заочна, дуальна",
    "bachelor": null,
    "magistracy": null,
    "postgraduate": null,
    "master": 1
  }
},
{
  "model": "departments.educationalprogramtranslation",
  "pk": 2,
  "fields": {
    "language_code": "en",
    "name": "Applied Mathematics",
    "description": "The Applied Mathematics program trains specialists in mathematical modeling, numerical methods, and computer data analysis.",
    "degree": "Bachelor",
    "form": "Full-time, part-time, dual",
    "bachelor": null,
    "magistracy": null,
    "postgraduate": null,
    "master": 1
  }
},
{
  "model": "departments.educationalprogramtranslation",
  "pk": 3,
  "fields": {
    "language_code": "uk",
    "name": "Прикладна математика",
    "description": "",
    "degree": "Бакалавр",
    "form": "Денна",
    "bachelor": null,
    "magistracy": null,
    "postgraduate": null,
    "master": 2
  }
},
{
  "model": "departments.educationalprogramtranslation",
  "pk": 4,
  "fields": {
    "language_code": "en",
    "name": "Applied Mathematics",
    "description": "",
    "degree": "Bachelor",
    "form": "Full-time",
    "bachelor": null,
    "magistracy": null,
    "postgraduate": null,
    "master": 2
  }
},
{
  "model": "departments.educationalprogramtranslation",
  "pk": 5,
  "fields": {
    "language_code": "uk",
    "name": "Комп'ютерне та математичне моделювання",
    "description": "",
    "degree": "Магістр",
    "form": "Денна",
    "bachelor": null,
    "magistracy": null,
    "postgraduate": null,
    "master": 3
  }
},
{
  "model": "departments.educationalprogramtranslation",
  "pk": 6,
  "fields": {
    "language_code": "en",
    "name": "Computer and Mathematical Modelling",
    "description": "",
    "degree": "Master",
    "form": "Full-time",
    "bachelor": null,
    "magistracy": null,
    "postgraduate": null,
    "master": 3
  }
},
{
  "model": "departments.educationalprogramtranslation",
  "pk": 7,
  "fields": {
    "language_code": "uk",
    "name": "Інженерія програмного забезпечення",
    "description": "",
    "degree": "Бакалавр",
    "form": "Денна",
    "bachelor": null,
    "magistracy": null,
    "postgraduate": null,
    "master": 4
  }
},
{
  "model": "departments.educationalprogramtranslation",
  "pk": 8,
  "fields": {
    "language_code": "en",
    "name": "Software Engineering",
    "description": "",
    "degree": "Bachelor",
    "form": "Full-time",
    "bachelor": null,
    "magistracy": null,
    "postgraduate": null,
    "master": 4
  }
},
{
  "model": "departments.educationalprogramtranslation",
  "pk": 9,
  "fields": {
    "language_code": "uk",
    "name": "Інженерія програмного забезпечення (магістр)",
    "description": "",
    "degree": "Магістр",
    "form": "Денна",
    "bachelor": null,
    "magistracy": null,
    "postgraduate": null,
    "master": 5
  }
},
{
  "model": "departments.educationalprogramtranslation",
  "pk": 10,
  "fields": {
    "language_code": "en",
    "name": "Software Engineering (Master)",
    "description": "",
    "degree": "Master",
    "form": "Full-time",
    "bachelor": null,
    "magistracy": null,
    "postgraduate": null,
    "master": 5
  }
},
{
  "model": "departments.educationalprogramtranslation",
  "pk": 11,
  "fields": {
    "language_code": "uk",
    "name": "Інтернет речей",
    "description": "",
    "degree": "Бакалавр",
    "form": "Денна",
    "bachelor": null,
    "magistracy": null,
    "postgraduate": null,
    "master": 6
  }
},
{
  "model": "departments.educationalprogramtranslation",
  "pk": 12,
  "fields": {
    "language_code": "en",
    "name": "Internet of Things",
    "description": "",
    "degree": "Bachelor",
    "form": "Full-time",
    "bachelor": null,
    "magistracy": null,
    "postgraduate": null,
    "master": 6
  }
},
{
  "model": "departments.educationalprogramtranslation",
  "pk": 13,
  "fields": {
    "language_code": "uk",
    "name": "Комп'ютерні науки",
    "description": "",
    "degree": "Бакалавр",
    "form": "Денна",
    "bachelor": null,
    "magistracy": null,
    "postgraduate": null,
    "master": 7
  }
},
{
  "model": "departments.educationalprogramtranslation",
  "pk": 14,
  "fields": {
    "language_code": "en",
    "name": "Computer Science",
    "description": "",
    "degree": "Bachelor",
    "form": "Full-time",
    "bachelor": null,
    "magistracy": null,
    "postgraduate": null,
    "master": 7
  }
},
{
  "model": "departments.educationalprogramtranslation",
  "pk": 15,
  "fields": {
    "language_code": "uk",
    "name": "Комп'ютерні науки (магістр)",
    "description": "",
    "degree": "Магістр",
    "form": "Денна",
    "bachelor": null,
    "magistracy": null,
    "postgraduate": null,
    "master": 8
  }
},
{
  "model": "departments.educationalprogramtranslation",
  "pk": 16,
  "fields": {
    "language_code": "en",
    "name": "Computer Science (Master)",
    "description": "",
    "degree": "Master",
    "form": "Full-time",
    "bachelor": null,
    "magistracy": null,
    "postgraduate": null,
    "master": 8
  }
},
{
  "model": "departments.educationalprogramtranslation",
  "pk": 17,
  "fields": {
    "language_code": "uk",
    "name": "Комп'ютерні науки (PhD)",
    "description": "",
    "degree": "Доктор філософії",
    "form": "Денна",
    "bachelor": null,
    "magistracy": null,
    "postgraduate": null,
    "master": 9
  }
},
{
  "model": "departments.educationalprogramtranslation",
  "pk": 18,
  "fields": {
    "language_code": "en",
    "name": "Computer Science (PhD)",
    "description": "",
    "degree": "Doctor of Philosophy",
    "form": "Full-time",
    "bachelor": null,
    "magistracy": null,
    "postgraduate": null,
    "master": 9
  }
},
{
  "model": "departments.educationalprogramtranslation",
  "pk": 19,
  "fields": {
    "language_code": "uk",
    "name": "Інженерія даних",
    "description": "",
    "degree": "Бакалавр",
    "form": "Денна",
    "bachelor": null,
    "magistracy": null,
    "postgraduate": null,
    "master": 10
  }
},
{
  "model": "departments.educationalprogramtranslation",
  "pk": 20,
  "fields": {
    "language_code": "en",
    "name": "Data Engineering",
    "description": "",
    "degree": "Bachelor",
    "form": "Full-time",
    "bachelor": null,
    "magistracy": null,
    "postgraduate": null,
    "master": 10
  }
},
{
  "model": "departments.educationalprogramtranslation",
  "pk": 21,
  "fields": {
    "language_code": "uk",
    "name": "Інформаційні системи і технології",
    "description": "",
    "degree": "Бакалавр",
    "form": "Денна",
    "bachelor": null,
    "magistracy": null,
    "postgraduate": null,
    "master": 11
  }
},
{
  "model": "departments.educationalprogramtranslation",
  "pk": 22,
  "fields": {
    "language_code": "en",
    "name": "Information Systems and Technologies",
    "description": "",
    "degree": "Bachelor",
    "form": "Full-time",
    "bachelor": null,
    "magistracy": null,
    "postgraduate": null,
    "master": 11
  }
},
{
  "model": "departments.educationalprogramtranslation",
  "pk": 23,
  "fields": {
    "language_code": "uk",
    "name": "Інформаційні технології в бізнесі",
    "description": "",
    "degree": "Магістр",
    "form": "Денна",
    "bachelor": null,
    "magistracy": null,
    "postgraduate": null,
    "master": 12
  }
},
{
  "model": "departments.educationalprogramtranslation",
  "pk": 24,
  "fields": {
    "language_code": "en",
    "name": "Information Technologies in Business",
    "description": "",
    "degree": "Master",
    "form": "Full-time",
    "bachelor": null,
    "magistracy": null,
    "postgraduate": null,
    "master": 12
  }
},
{
  "model": "departments.educationalprogramtranslation",
  "pk": 25,
  "fields": {
    "language_code": "uk",
    "name": "Цифрові технології дистанційної освіти",
    "description": "",
    "degree": "Бакалавр",
    "form": "Денна",
    "bachelor": null,
    "magistracy": null,
    "postgraduate": null,
    "master": 13
  }
},
{
  "model": "departments.educationalprogramtranslation",
  "pk": 26,
  "fields": {
    "language_code": "en",
    "name": "Digital Technologies for Distance Education",
    "description": "",
    "degree": "Bachelor",
    "form": "Full-time",
    "bachelor": null,
    "magistracy": null,
    "postgraduate": null,
    "master": 13
  }
},
{
  "model": "departments.educationalprogramtranslation",
  "pk": 27,
  "fields": {
    "language_code": "uk",
    "name": "Цифрові технології дистанційної освіти (магістр)",
    "description": "",
    "degree": "Магістр",
    "form": "Денна",
    "bachelor": null,
    "magistracy": null,
    "postgraduate": null,
    "master": 14
  }
},
{
  "model": "departments.educationalprogramtranslation",
  "pk": 28,
  "fields": {
    "language_code": "en",
    "name": "Digital Technologies for Distance Education (Master)",
    "description": "",
    "degree": "Master",
    "form": "Full-time",
    "bachelor": null,
    "magistracy": null,
    "postgraduate": null,
    "master": 14
  }
},
{
  "model": "departments.educationalprogramtranslation",
  "pk": 29,
  "fields": {
    "language_code": "uk",
    "name": "Прикладна інформатика",
    "description": "",
    "degree": "Бакалавр",
    "form": "Денна",
    "bachelor": null,
    "magistracy": null,
    "postgraduate": null,
    "master": 15
  }
},
{
  "model": "departments.educationalprogramtranslation",
  "pk": 30,
  "fields": {
    "language_code": "en",
    "name": "Applied Informatics",
    "description": "",
    "degree": "Bachelor",
    "form": "Full-time",
    "bachelor": null,
    "magistracy": null,
    "postgraduate": null,
    "master": 15
  }
},
{
  "model": "departments.educationalprogramtranslation",
  "pk": 31,
  "fields": {
    "language_code": "uk",
    "name": "Комп'ютерна інженерія",
    "description": "",
    "degree": "Бакалавр",
    "form": "Денна",
    "bachelor": null,
    "magistracy": null,
    "postgraduate": null,
    "master": 16
  }
},
{
  "model": "departments.educationalprogramtranslation",
  "pk": 32,
  "fields": {
    "language_code": "en",
    "name": "Computer Engineering",
    "description": "",
    "degree": "Bachelor",
    "form": "Full-time",
    "bachelor": null,
    "magistracy": null,
    "postgraduate": null,
    "master": 16
  }
},
{
  "model": "departments.educationalprogramtranslation",
  "pk": 33,
  "fields": {
    "language_code": "uk",
    "name": "Комп'ютерна інженерія (магістр)",
    "description": "",
    "degree": "Магістр",
    "form": "Денна",
    "bachelor": null,
    "magistracy": null,
    "postgraduate": null,
    "master": 17
  }
},
{
  "model": "departments.educationalprogramtranslation",
  "pk": 34,
  "fields": {
    "language_code": "en",
    "name": "Computer Engineering (Master)",
    "description": "",
    "degree": "Master",
    "form": "Full-time",
    "bachelor": null,
    "magistracy": null,
    "postgraduate": null,
    "master": 17
  }
},
{
  "model": "departments.educationalprogramtranslation",
  "pk": 35,
  "fields": {
    "language_code": "uk",
    "name": "Інформаційна безпека",
    "description": "",
    "degree": "Бакалавр",
    "form": "Денна",
    "bachelor": null,
    "magistracy": null,
    "postgraduate": null,
    "master": 18
  }
},
{
  "model": "departments.educationalprogramtranslation",
  "pk": 36,
  "fields": {
    "language_code": "en",
    "name": "Information Security",
    "description": "",
    "degree": "Bachelor",
    "form": "Full-time",
    "bachelor": null,
    "magistracy": null,
    "postgraduate": null,
    "master": 18
  }
},
{
  "model": "departments.educationalprogram",
  "pk": 1,
  "fields": {
    "department": 1,
    "code": "F1",
    "duration": 4,
    "total_credits": 240,
    "budget_seats": 20,
    "contract_seats": 15
  }
},
{
  "model": "departments.educationalprogram",
  "pk": 2,
  "fields": {
    "department": 2,
    "code": "F1",
    "duration": 4,
    "total_credits": 240,
    "budget_seats": null,
    "contract_seats": null
  }
},
{
  "model": "departments.educationalprogram",
  "pk": 3,
  "fields": {
    "department": 2,
    "code": "F1",
    "duration": 2,
    "total_credits": 120,
    "budget_seats": null,
    "contract_seats": null
  }
},
{
  "model": "departments.educationalprogram",
  "pk": 4,
  "fields": {
    "department": 2,
    "code": "F2",
    "duration": 4,
    "total_credits": 240,
    "budget_seats": null,
    "contract_seats": null
  }
},
{
  "model": "departments.educationalprogram",
  "pk": 5,
  "fields": {
    "department": 2,
    "code": "F2",
    "duration": 2,
    "total_credits": 120,
    "budget_seats": null,
    "contract_seats": null
  }
},
{
  "model": "departments.educationalprogram",
  "pk": 6,
  "fields": {
    "department": 2,
    "code": "F2",
    "duration": 4,
    "total_credits": 240,
    "budget_seats": null,
    "contract_seats": null
  }
},
{
  "model": "departments.educationalprogram",
  "pk": 7,
  "fields": {
    "department": 2,
    "code": "F3",
    "duration": 4,
    "total_credits": 240,
    "budget_seats": null,
    "contract_seats": null
  }
},
{
  "model": "departments.educationalprogram",
  "pk": 8,
  "fields": {
    "department": 2,
    "code": "F3",
    "duration": 2,
    "total_credits": 120,
    "budget_seats": null,
    "contract_seats": null
  }
},
{
  "model": "departments.educationalprogram",
  "pk": 9,
  "fields": {
    "department": 2,
    "code": "F3",
    "duration": 3,
    "total_credits": 180,
    "budget_seats": null,
    "contract_seats": null
  }
},
{
  "model": "departments.educationalprogram",
  "pk": 10,
  "fields": {
    "department": 2,
    "code": "A5",
    "duration": 4,
    "total_credits": 240,
    "budget_seats": null,
    "contract_seats": null
  }
},
{
  "model": "departments.educationalprogram",
  "pk": 11,
  "fields": {
    "department": 3,
    "code": "F6",
    "duration": 4,
    "total_credits": 240,
    "budget_seats": null,
    "contract_seats": null
  }
},
{
  "model": "departments.educationalprogram",
  "pk": 12,
  "fields": {
    "department": 3,
    "code": "F6",
    "duration": 2,
    "total_credits": 120,
    "budget_seats": null,
    "contract_seats": null
  }
},
{
  "model": "departments.educationalprogram",
  "pk": 13,
  "fields": {
    "department": 3,
    "code": "F6",
    "duration": 4,
    "total_credits": 240,
    "budget_seats": null,
    "contract_seats": null
  }
},
{
  "model": "departments.educationalprogram",
  "pk": 14,
  "fields": {
    "department": 3,
    "code": "F6",
    "duration": 2,
    "total_credits": 120,
    "budget_seats": null,
    "contract_seats": null
  }
},
{
  "model": "departments.educationalprogram",
  "pk": 15,
  "fields": {
    "department": 3,
    "code": "F4",
    "duration": 4,
    "total_credits": 240,
    "budget_seats": null,
    "contract_seats": null
  }
},
{
  "model": "departments.educationalprogram",
  "pk": 16,
  "fields": {
    "department": 4,
    "code": "F7",
    "duration": 4,
    "total_credits": 240,
    "budget_seats": null,
    "contract_seats": null
  }
},
{
  "model": "departments.educationalprogram",
  "pk": 17,
  "fields": {
    "department": 4,
    "code": "F7",
    "duration": 2,
    "total_credits": 120,
    "budget_seats": null,
    "contract_seats": null
  }
},
{
  "model": "departments.educationalprogram",
  "pk": 18,
  "fields": {
    "department": 4,
    "code": "F5",
    "duration": 4,
    "total_credits": 240,
    "budget_seats": null,
    "contract_seats": null
  }
},
{
  "model": "departments.programsubjecttranslation",
  "pk": 1,
  "fields": {
    "language_code": "uk",
    "name": "Тест 1",
    "master": 1
  }
},
{
  "model": "departments.programsubjecttranslation",
  "pk": 2,
  "fields": {
    "language_code": "en",
    "name": "Test 1",
    "master": 1
  }
},
{
  "model": "departments.programsubjecttranslation",
  "pk": 3,
  "fields": {
    "language_code": "uk",
    "name": "Тест 2",
    "master": 2
  }
},
{
  "model": "departments.programsubjecttranslation",
  "pk": 4,
  "fields": {
    "language_code": "en",
    "name": "Test 2",
    "master": 2
  }
},
{
  "model": "departments.programsubjecttranslation",
  "pk": 5,
  "fields": {
    "language_code": "uk",
    "name": "Тест 3",
    "master": 3
  }
},
{
  "model": "departments.programsubjecttranslation",
  "pk": 6,
  "fields": {
    "language_code": "en",
    "name": "Test 3",
    "master": 3
  }
},
{
  "model": "departments.programsubjecttranslation",
  "pk": 7,
  "fields": {
    "language_code": "uk",
    "name": "Тест 4",
    "master": 4
  }
},
{
  "model": "departments.programsubjecttranslation",
  "pk": 8,
  "fields": {
    "language_code": "en",
    "name": "Test 4",
    "master": 4
  }
},
{
  "model": "departments.programsubjecttranslation",
  "pk": 9,
  "fields": {
    "language_code": "uk",
    "name": "Тест 5",
    "master": 5
  }
},
{
  "model": "departments.programsubjecttranslation",
  "pk": 10,
  "fields": {
    "language_code": "en",
    "name": "Test 5",
    "master": 5
  }
},
{
  "model": "departments.programsubjecttranslation",
  "pk": 11,
  "fields": {
    "language_code": "uk",
    "name": "Тест 6",
    "master": 6
  }
},
{
  "model": "departments.programsubjecttranslation",
  "pk": 12,
  "fields": {
    "language_code": "en",
    "name": "Test 6",
    "master": 6
  }
},
{
  "model": "departments.programsubject",
  "pk": 1,
  "fields": {
    "program": 1,
    "semester": 1,
    "credits": "4.0",
    "type": "MN",
    "order": 1
  }
},
{
  "model": "departments.programsubject",
  "pk": 2,
  "fields": {
    "program": 1,
    "semester": 1,
    "credits": "3.0",
    "type": "MN",
    "order": 2
  }
},
{
  "model": "departments.programsubject",
  "pk": 3,
  "fields": {
    "program": 1,
    "semester": 2,
    "credits": "5.0",
    "type": "MN",
    "order": 3
  }
},
{
  "model": "departments.programsubject",
  "pk": 4,
  "fields": {
    "program": 1,
    "semester": 2,
    "credits": "4.0",
    "type": "MN",
    "order": 4
  }
},
{
  "model": "departments.programsubject",
  "pk": 5,
  "fields": {
    "program": 1,
    "semester": 3,
    "credits": "3.0",
    "type": "EL",
    "order": 5
  }
},
{
  "model": "departments.programsubject",
  "pk": 6,
  "fields": {
    "program": 1,
    "semester": 3,
    "credits": "3.0",
    "type": "EL",
    "order": 6
  }
}
]
